formid,source_plugin,editor_id,quest_name,classification,stage_count,journal_stage_count,completion_stages,objective_count,evidence_summary,notes
037AE3:Skyrim.esm,Skyrim.esm,DBTortureTreasureMiscObjective4,,structural-silent,4,0,200,1,direct_mcp_review=ok; source=Skyrim.esm; stages=4; journal_stages=none; completion_stages=200; objectives=1,
037B71:Skyrim.esm,Skyrim.esm,CWFortDialogue,Fort Dialogue,structural-silent,0,0,,0,direct_mcp_review=ok; source=Skyrim.esm; stages=0; journal_stages=none; completion_stages=none; objectives=0,
037CC2:Skyrim.esm,Skyrim.esm,DialogueWhiterunArgueScene,Whiterun Civil War Argument Scene,structural-silent,2,0,,0,direct_mcp_review=ok; source=Skyrim.esm; stages=2; journal_stages=none; completion_stages=none; objectives=0,
037DCD:Skyrim.esm,Skyrim.esm,DialogueSaarthalExteriorConvoScene1,Saarthal Exterior Scene 1,structural-silent,0,0,,0,direct_mcp_review=ok; source=Skyrim.esm; stages=0; journal_stages=none; completion_stages=none; objectives=0,
037DD3:Skyrim.esm,Skyrim.esm,DialogueWinterholdCollegeArcanaeumScene03,MG Arcanaeum Scene 3,structural-silent,0,0,,0,direct_mcp_review=ok; source=Skyrim.esm; stages=0; journal_stages=none; completion_stages=none; objectives=0,
037DD4:Skyrim.esm,Skyrim.esm,DialogueWinterholdCollegeArcanaeumScene02,MG Arcanaeum Scene 2,structural-silent,0,0,,0,direct_mcp_review=ok; source=Skyrim.esm; stages=0; journal_stages=none; completion_stages=none; objectives=0,
037DD7:Skyrim.esm,Skyrim.esm,DialogueWinterholdCollegeArcanaeumScene04,MG Arcanaeum Scene 4,structural-silent,0,0,,0,direct_mcp_review=ok; source=Skyrim.esm; stages=0; journal_stages=none; completion_stages=none; objectives=0,
037E07:Skyrim.esm,Skyrim.esm,DialogueSnowShodFarmScene01,Dialogue Snow-Shod Farm,structural-silent,0,0,,0,direct_mcp_review=ok; source=Skyrim.esm; stages=0; journal_stages=none; completion_stages=none; objectives=0,
037E09:Skyrim.esm,Skyrim.esm,DialogueSnowShodFarmScene02,Dialogue Snow-Shod Farm,structural-silent,0,0,,0,direct_mcp_review=ok; source=Skyrim.esm; stages=0; journal_stages=none; completion_stages=none; objectives=0,
037E7E:Skyrim.esm,Skyrim.esm,DialogueWinterholdCollegeArcanaeumScene05,MG Arcanaeum Scene 5,structural-silent,0,0,,0,direct_mcp_review=ok; source=Skyrim.esm; stages=0; journal_stages=none; completion_stages=none; objectives=0,
037E80:Skyrim.esm,Skyrim.esm,DialogueWinterholdCollegeArcanaeumScene06,MG Arcanaeum Scene 6,structural-silent,0,0,,0,direct_mcp_review=ok; source=Skyrim.esm; stages=0; journal_stages=none; completion_stages=none; objectives=0,
037E82:Skyrim.esm,Skyrim.esm,DialogueWinterholdCollegeGHallScene01,MG Great Hall Scene 1,structural-silent,0,0,,0,direct_mcp_review=ok; source=Skyrim.esm; stages=0; journal_stages=none; completion_stages=none; objectives=0,
037E84:Skyrim.esm,Skyrim.esm,DialogueWinterholdCollegeGHallScene02,MG Great Hall Scene 2,structural-silent,0,0,,0,direct_mcp_review=ok; source=Skyrim.esm; stages=0; journal_stages=none; completion_stages=none; objectives=0,
037E86:Skyrim.esm,Skyrim.esm,DialogueWinterholdCollegeGHallScene03,MG Great Hall Scene 3,structural-silent,0,0,,0,direct_mcp_review=ok; source=Skyrim.esm; stages=0; journal_stages=none; completion_stages=none; objectives=0,
037ED8:Skyrim.esm,Skyrim.esm,DialogueWinterholdCollegeGHallScene04,MG Great Hall Scene 4,structural-silent,0,0,,0,direct_mcp_review=ok; source=Skyrim.esm; stages=0; journal_stages=none; completion_stages=none; objectives=0,
037EDA:Skyrim.esm,Skyrim.esm,DialogueWinterholdCollegeDormitoryScene01,MG Dormitory Scene 1,structural-silent,0,0,,0,direct_mcp_review=ok; source=Skyrim.esm; stages=0; journal_stages=none; completion_stages=none; objectives=0,
037EDC:Skyrim.esm,Skyrim.esm,DialogueWinterholdCollegeDormitoryScene02,MG Dormitory Scene 2,structural-silent,0,0,,0,direct_mcp_review=ok; source=Skyrim.esm; stages=0; journal_stages=none; completion_stages=none; objectives=0,
037F13:Skyrim.esm,Skyrim.esm,WIAssaultRemember,Put's in faction meaning I've previously been assault,structural-silent,1,0,,0,direct_mcp_review=ok; source=Skyrim.esm; stages=1; journal_stages=none; completion_stages=none; objectives=0,
037FBD:Skyrim.esm,Skyrim.esm,WIAssaultRememberDialogue,Hello flavored on previous assault,structural-silent,0,0,,0,direct_mcp_review=ok; source=Skyrim.esm; stages=0; journal_stages=none; completion_stages=none; objectives=0,
03828B:Skyrim.esm,Skyrim.esm,DialogueWindhelmBlacksmithScene1,,structural-silent,0,0,,0,direct_mcp_review=ok; source=Skyrim.esm; stages=0; journal_stages=none; completion_stages=none; objectives=0,
03829B:Skyrim.esm,Skyrim.esm,DialogueWindhelmBlacksmithScene2,,structural-silent,0,0,,0,direct_mcp_review=ok; source=Skyrim.esm; stages=0; journal_stages=none; completion_stages=none; objectives=0,
03829F:Skyrim.esm,Skyrim.esm,DialogueDawnstar,,structural-silent,5,0,,0,direct_mcp_review=ok; source=Skyrim.esm; stages=5; journal_stages=none; completion_stages=none; objectives=0,
03833C:Skyrim.esm,Skyrim.esm,WIDeadBody01,A crowd gathers,structural-silent,4,0,,0,direct_mcp_review=ok; source=Skyrim.esm; stages=4; journal_stages=none; completion_stages=none; objectives=0,
038386:Skyrim.esm,Skyrim.esm,MS13LucanCamillaScene,,structural-silent,2,0,,0,direct_mcp_review=ok; source=Skyrim.esm; stages=2; journal_stages=none; completion_stages=none; objectives=0,
038584:Skyrim.esm,Skyrim.esm,DialogueWindhelmBlacksmithScene3,,structural-silent,0,0,,0,direct_mcp_review=ok; source=Skyrim.esm; stages=0; journal_stages=none; completion_stages=none; objectives=0,
038586:Skyrim.esm,Skyrim.esm,DialogueWindhelmViolaLonelyGaleScene1,,structural-silent,0,0,,0,direct_mcp_review=ok; source=Skyrim.esm; stages=0; journal_stages=none; completion_stages=none; objectives=0,
038588:Skyrim.esm,Skyrim.esm,DialogueWindhelmViolaLonelyGaleScene2,,structural-silent,0,0,,0,direct_mcp_review=ok; source=Skyrim.esm; stages=0; journal_stages=none; completion_stages=none; objectives=0,
03858A:Skyrim.esm,Skyrim.esm,DialogueWindhelmViolaLonelyGaleScene3,,structural-silent,0,0,,0,direct_mcp_review=ok; source=Skyrim.esm; stages=0; journal_stages=none; completion_stages=none; objectives=0,
03858C:Skyrim.esm,Skyrim.esm,DialogueWindhelmViolaLonelyGaleScene4,,structural-silent,0,0,,0,direct_mcp_review=ok; source=Skyrim.esm; stages=0; journal_stages=none; completion_stages=none; objectives=0,
03867C:Skyrim.esm,Skyrim.esm,DialogueRorikstead,Rorikstead dialogue,structural-silent,0,0,,0,direct_mcp_review=ok; source=Skyrim.esm; stages=0; journal_stages=none; completion_stages=none; objectives=0,
03874B:Skyrim.esm,Skyrim.esm,DialogueBarleydarkFarm,Barleydark Farm dialogue,structural-silent,0,0,,0,direct_mcp_review=ok; source=Skyrim.esm; stages=0; journal_stages=none; completion_stages=none; objectives=0,
03907C:Skyrim.esm,Skyrim.esm,DialogueOrcs,Generic dialogue for orc villagers,structural-silent,3,0,,0,direct_mcp_review=ok; source=Skyrim.esm; stages=3; journal_stages=none; completion_stages=none; objectives=0,
039259:Skyrim.esm,Skyrim.esm,CreatureDialogueDragon,CreatureDialogueDragon,structural-silent,0,0,,0,direct_mcp_review=ok; source=Skyrim.esm; stages=0; journal_stages=none; completion_stages=none; objectives=0,
039645:Skyrim.esm,Skyrim.esm,MS13,The Golden Claw,approved-owner,19,5,100|110,6,direct_mcp_review=ok; source=Skyrim.esm; stages=19; journal_stages=10|12|100|110|200; completion_stages=100|110; objectives=6,Owner-approved tagged outcome; cross-generation and promotion are pending.
039792:Skyrim.esm,Skyrim.esm,WIAssault02,Scare my Enemy,approved-owner,6,0,100,4,direct_mcp_review=ok; source=Skyrim.esm; stages=6; journal_stages=none; completion_stages=100; objectives=4,Direct INFO/TIF and official alias/QF fragments isolate s100 to the successful paid nonlethal assault; the murder route stops without s100. Owner-approved coercion_extortion captures the invariant intimidation-for-hire act.
039B3B:Skyrim.esm,Skyrim.esm,dunBlindCliffQST,The Affairs of Hagravens,approved-owner,12,1,100,1,direct_mcp_review=ok; source=Skyrim.esm; stages=12; journal_stages=200; completion_stages=100; objectives=1,Direct QF decompile proves s100 completes the kill-Petra objective and increments side-quest completion; the contradictory s200 Melka-death journal is a separate terminal.
039BB5:Skyrim.esm,Skyrim.esm,DunHarmugstahlQST,,semantic-silent,6,0,,0,direct_mcp_review=ok; source=Skyrim.esm; stages=6; journal_stages=none; completion_stages=none; objectives=0,
039CDD:Skyrim.esm,Skyrim.esm,DialogueWindhelmAlchemyShopScene1,,structural-silent,0,0,,0,direct_mcp_review=ok; source=Skyrim.esm; stages=0; journal_stages=none; completion_stages=none; objectives=0,
039CDF:Skyrim.esm,Skyrim.esm,DialogueWindhelmAlchemyShopScene2,,structural-silent,0,0,,0,direct_mcp_review=ok; source=Skyrim.esm; stages=0; journal_stages=none; completion_stages=none; objectives=0,
039CE1:Skyrim.esm,Skyrim.esm,DialogueWindhelmAlchemyShopScene3,,structural-silent,0,0,,0,direct_mcp_review=ok; source=Skyrim.esm; stages=0; journal_stages=none; completion_stages=none; objectives=0,
039CE3:Skyrim.esm,Skyrim.esm,DialogueWindhelmBrunwulfEldaScene1,,structural-silent,0,0,,0,direct_mcp_review=ok; source=Skyrim.esm; stages=0; journal_stages=none; completion_stages=none; objectives=0,
039CE5:Skyrim.esm,Skyrim.esm,DialogueWindhelmBrunwulfEldaScene2,,structural-silent,0,0,,0,direct_mcp_review=ok; source=Skyrim.esm; stages=0; journal_stages=none; completion_stages=none; objectives=0,
039CE7:Skyrim.esm,Skyrim.esm,DialogueWindhelmBrunwulfEldaScene3,,structural-silent,0,0,,0,direct_mcp_review=ok; source=Skyrim.esm; stages=0; journal_stages=none; completion_stages=none; objectives=0,
039DF7:Skyrim.esm,Skyrim.esm,DialogueRoriksteadSisselJouaneScene1,Riverwood test scene,structural-silent,0,0,,0,direct_mcp_review=ok; source=Skyrim.esm; stages=0; journal_stages=none; completion_stages=none; objectives=0,
039F82:Skyrim.esm,Skyrim.esm,WICourier,Courier,structural-silent,2,0,,0,direct_mcp_review=ok; source=Skyrim.esm; stages=2; journal_stages=none; completion_stages=none; objectives=0,
03A156:Skyrim.esm,Skyrim.esm,DialogueRoriksteadEnnisReldithScene1,Riverwood test scene,structural-silent,0,0,,0,direct_mcp_review=ok; source=Skyrim.esm; stages=0; journal_stages=none; completion_stages=none; objectives=0,
03A15A:Skyrim.esm,Skyrim.esm,DialogueWhiterunHeimskrPreachScene,Heimskr Repeating Preaching Scene,structural-silent,0,0,,0,direct_mcp_review=ok; source=Skyrim.esm; stages=0; journal_stages=none; completion_stages=none; objectives=0,
03A17C:Skyrim.esm,Skyrim.esm,MS13BleakFallsBarrowCampfireScene,,structural-silent,1,0,,0,direct_mcp_review=ok; source=Skyrim.esm; stages=1; journal_stages=none; completion_stages=none; objectives=0,
03A74A:Skyrim.esm,Skyrim.esm,dunSouthfringeQST,,approved-owner,6,0,100,1,direct_mcp_review=ok; source=Skyrim.esm; stages=6; journal_stages=none; completion_stages=100; objectives=1,Owner-approved tagged outcome; cross-generation and promotion are pending.
03A99F:Skyrim.esm,Skyrim.esm,DialogueNarzulbur,,structural-silent,0,0,,0,direct_mcp_review=ok; source=Skyrim.esm; stages=0; journal_stages=none; completion_stages=none; objectives=0,
03A9A0:Skyrim.esm,Skyrim.esm,DialogueEastmarch,,structural-silent,0,0,,0,direct_mcp_review=ok; source=Skyrim.esm; stages=0; journal_stages=none; completion_stages=none; objectives=0,
03A9A8:Skyrim.esm,Skyrim.esm,DialogueWindhelmPalaceScene1,,structural-silent,0,0,,0,direct_mcp_review=ok; source=Skyrim.esm; stages=0; journal_stages=none; completion_stages=none; objectives=0,
03A9AA:Skyrim.esm,Skyrim.esm,DialogueWindhelmPalaceScene2,,structural-silent,0,0,,0,direct_mcp_review=ok; source=Skyrim.esm; stages=0; journal_stages=none; completion_stages=none; objectives=0,
03A9AC:Skyrim.esm,Skyrim.esm,DialogueWindhelmPalaceScene3,,structural-silent,0,0,,0,direct_mcp_review=ok; source=Skyrim.esm; stages=0; journal_stages=none; completion_stages=none; objectives=0,
03A9AE:Skyrim.esm,Skyrim.esm,DialogueWindhelmPalaceScene4,,structural-silent,0,0,,0,direct_mcp_review=ok; source=Skyrim.esm; stages=0; journal_stages=none; completion_stages=none; objectives=0,
03A9B0:Skyrim.esm,Skyrim.esm,DialogueWindhelmPalaceScene5,,structural-silent,0,0,,0,direct_mcp_review=ok; source=Skyrim.esm; stages=0; journal_stages=none; completion_stages=none; objectives=0,
03A9B2:Skyrim.esm,Skyrim.esm,DialogueWindhelmPalaceScene6,,structural-silent,0,0,,0,direct_mcp_review=ok; source=Skyrim.esm; stages=0; journal_stages=none; completion_stages=none; objectives=0,
03A9B4:Skyrim.esm,Skyrim.esm,DialogueWindhelmPalaceScene7,,structural-silent,0,0,,0,direct_mcp_review=ok; source=Skyrim.esm; stages=0; journal_stages=none; completion_stages=none; objectives=0,
03A9B6:Skyrim.esm,Skyrim.esm,DialogueWindhelmPalaceScene8,,structural-silent,0,0,,0,direct_mcp_review=ok; source=Skyrim.esm; stages=0; journal_stages=none; completion_stages=none; objectives=0,
03A9C2:Skyrim.esm,Skyrim.esm,DialogueWindhelmCandlehearthScene1,,structural-silent,0,0,,0,direct_mcp_review=ok; source=Skyrim.esm; stages=0; journal_stages=none; completion_stages=none; objectives=0,
03A9C4:Skyrim.esm,Skyrim.esm,DialogueWindhelmCandlehearthScene2,,structural-silent,0,0,,0,direct_mcp_review=ok; source=Skyrim.esm; stages=0; journal_stages=none; completion_stages=none; objectives=0,
03A9C6:Skyrim.esm,Skyrim.esm,DialogueWindhelmCandlehearthScene3,,structural-silent,0,0,,0,direct_mcp_review=ok; source=Skyrim.esm; stages=0; journal_stages=none; completion_stages=none; objectives=0,
03A9C8:Skyrim.esm,Skyrim.esm,DialogueWindhelmCandlehearthScene4,,structural-silent,0,0,,0,direct_mcp_review=ok; source=Skyrim.esm; stages=0; journal_stages=none; completion_stages=none; objectives=0,
03A9CC:Skyrim.esm,Skyrim.esm,DialogueWindhelmCornerclubScene1,,structural-silent,0,0,,0,direct_mcp_review=ok; source=Skyrim.esm; stages=0; journal_stages=none; completion_stages=none; objectives=0,
03A9CE:Skyrim.esm,Skyrim.esm,DialogueWindhelmCornerclubScene2,,structural-silent,0,0,,0,direct_mcp_review=ok; source=Skyrim.esm; stages=0; journal_stages=none; completion_stages=none; objectives=0,
03A9D0:Skyrim.esm,Skyrim.esm,DialogueWindhelmCornerclubScene3,,structural-silent,0,0,,0,direct_mcp_review=ok; source=Skyrim.esm; stages=0; journal_stages=none; completion_stages=none; objectives=0,
03A9D2:Skyrim.esm,Skyrim.esm,DialogueWindhelmCornerclubScene4,,structural-silent,0,0,,0,direct_mcp_review=ok; source=Skyrim.esm; stages=0; journal_stages=none; completion_stages=none; objectives=0,
03A9D4:Skyrim.esm,Skyrim.esm,DialogueWindhelmCornerclubScene5,,structural-silent,0,0,,0,direct_mcp_review=ok; source=Skyrim.esm; stages=0; journal_stages=none; completion_stages=none; objectives=0,
03AA66:Skyrim.esm,Skyrim.esm,dunPOIReachShrineTheftQST,,semantic-silent,2,0,,0,direct_mcp_review=ok; source=Skyrim.esm; stages=2; journal_stages=none; completion_stages=none; objectives=0,
03AC44:Skyrim.esm,Skyrim.esm,MS13BleakFallsBarrowLeverScene,,structural-silent,3,0,,0,direct_mcp_review=ok; source=Skyrim.esm; stages=3; journal_stages=none; completion_stages=none; objectives=0,
03ACDB:Skyrim.esm,Skyrim.esm,Caravans,,structural-silent,0,0,,0,direct_mcp_review=ok; source=Skyrim.esm; stages=0; journal_stages=none; completion_stages=none; objectives=0,
03AD4A:Skyrim.esm,Skyrim.esm,dunHalldirsCairnQST,,semantic-silent,4,0,,0,direct_mcp_review=ok; source=Skyrim.esm; stages=4; journal_stages=none; completion_stages=none; objectives=0,
03B0FB:Skyrim.esm,Skyrim.esm,dunAlftandQST,,semantic-silent,13,0,,0,direct_mcp_review=ok; source=Skyrim.esm; stages=13; journal_stages=none; completion_stages=none; objectives=0,
03B681:Skyrim.esm,Skyrim.esm,DA06,The Cursed Tribe,approved-existing,15,7,200,9,direct_mcp_review=ok; source=Skyrim.esm; stages=15; journal_stages=10|50|70|80|100|110|200; completion_stages=200; objectives=9,Existing core/PatchHub ownership; direct QUST readback reconfirmed the row-bearing quest.
03BC74:Skyrim.esm,Skyrim.esm,MS13BleakFallsBarrowArvelShouting,,structural-silent,0,0,,0,direct_mcp_review=ok; source=Skyrim.esm; stages=0; journal_stages=none; completion_stages=none; objectives=0,
03BCC4:Skyrim.esm,Skyrim.esm,CWMission03,A False Front,approved-owner,15,2,50|200,4,direct_mcp_review=ok; source=Skyrim.esm; stages=15; journal_stages=10|200; completion_stages=50|200; objectives=4,Owner-approved tagged outcome; cross-generation and promotion are pending.
03C7A0:Skyrim.esm,Skyrim.esm,WICraftItem01,Blacksmith crafting,structural-silent,1,0,,0,direct_mcp_review=ok; source=Skyrim.esm; stages=1; journal_stages=none; completion_stages=none; objectives=0,
03CD36:Skyrim.esm,Skyrim.esm,dunTolvaldsCaveQST,,semantic-silent,8,0,,0,direct_mcp_review=ok; source=Skyrim.esm; stages=8; journal_stages=none; completion_stages=none; objectives=0,
03CDC0:Skyrim.esm,Skyrim.esm,DialogueDawnstarBrinaHorikScene01,DialogueDawnstarBrinaHorikScene01,structural-silent,0,0,,0,direct_mcp_review=ok; source=Skyrim.esm; stages=0; journal_stages=none; completion_stages=none; objectives=0,
03CDC2:Skyrim.esm,Skyrim.esm,DialogueDawnstarBrinaHorikScene02,DialogueDawnstarBrinaHorikScene02,structural-silent,0,0,,0,direct_mcp_review=ok; source=Skyrim.esm; stages=0; journal_stages=none; completion_stages=none; objectives=0,
03CDC8:Skyrim.esm,Skyrim.esm,DialogueDawnstarRustleifSeren01,DialogueDawnstarRustleifSeren01,structural-silent,2,0,,0,direct_mcp_review=ok; source=Skyrim.esm; stages=2; journal_stages=none; completion_stages=none; objectives=0,
03CDCA:Skyrim.esm,Skyrim.esm,DialogueDawnstarRustleifSeren02,DialogueDawnstarRustleifSeren02,structural-silent,0,0,,0,direct_mcp_review=ok; source=Skyrim.esm; stages=0; journal_stages=none; completion_stages=none; objectives=0,
03CDCE:Skyrim.esm,Skyrim.esm,DialogueDawnstarIronBreakerKarlBeitild02,DialogueDawnstarIronBreakerKarlBeitild02,structural-silent,0,0,,0,direct_mcp_review=ok; source=Skyrim.esm; stages=0; journal_stages=none; completion_stages=none; objectives=0,
03CDD0:Skyrim.esm,Skyrim.esm,DialogueDawnstarIronBreakerKarlBeitild01,DialogueDawnstarIronBreakerKarlBeitild01,structural-silent,0,0,,0,direct_mcp_review=ok; source=Skyrim.esm; stages=0; journal_stages=none; completion_stages=none; objectives=0,
03CDD6:Skyrim.esm,Skyrim.esm,DialogueDawnstarQuicksilverLeigelfLond02,DialogueDawnstarQuicksilverLeigelfLond02,structural-silent,0,0,,0,direct_mcp_review=ok; source=Skyrim.esm; stages=0; journal_stages=none; completion_stages=none; objectives=0,
03CDD8:Skyrim.esm,Skyrim.esm,DialogueDawnstarQuicksilverLeigelfLond01,DialogueDawnstarQuicksilverLeigelfLond01,structural-silent,0,0,,0,direct_mcp_review=ok; source=Skyrim.esm; stages=0; journal_stages=none; completion_stages=none; objectives=0,
03CDDA:Skyrim.esm,Skyrim.esm,DialogueDawnstarWhiteHallSkaldJod01,DialogueDawnstarWhiteHallSkaldJod01,structural-silent,0,0,,0,direct_mcp_review=ok; source=Skyrim.esm; stages=0; journal_stages=none; completion_stages=none; objectives=0,
03CEDA:Skyrim.esm,Skyrim.esm,DB10,Death Incarnate,approved-existing,19,2,200,11,direct_mcp_review=ok; source=Skyrim.esm; stages=19; journal_stages=10|200; completion_stages=200; objectives=11,Existing core/PatchHub ownership; direct QUST readback reconfirmed the row-bearing quest.
03D202:Skyrim.esm,Skyrim.esm,DialogueDawnstarWhiteHallSkaldJod02,DialogueDawnstarWhiteHallSkaldJod02,structural-silent,0,0,,0,direct_mcp_review=ok; source=Skyrim.esm; stages=0; journal_stages=none; completion_stages=none; objectives=0,
03D204:Skyrim.esm,Skyrim.esm,DialogueDawnstarWhiteHallSkaldBulfrek02,DialogueDawnstarWhiteHallSkaldBulfrek02,structural-silent,0,0,,0,direct_mcp_review=ok; source=Skyrim.esm; stages=0; journal_stages=none; completion_stages=none; objectives=0,
03D206:Skyrim.esm,Skyrim.esm,DialogueDawnstarWhiteHallSkaldBulfrek01,DialogueDawnstarWhiteHallSkaldBulfrek01,structural-silent,0,0,,0,direct_mcp_review=ok; source=Skyrim.esm; stages=0; journal_stages=none; completion_stages=none; objectives=0,
03D208:Skyrim.esm,Skyrim.esm,DialogueDawnstarWhiteHallSkaldMadena02,DialogueDawnstarWhiteHallSkaldMadena02,structural-silent,0,0,,0,direct_mcp_review=ok; source=Skyrim.esm; stages=0; journal_stages=none; completion_stages=none; objectives=0,
03D20A:Skyrim.esm,Skyrim.esm,DialogueDawnstarWhiteHallSkaldMadena01,DialogueDawnstarWhiteHallSkaldMadena01,structural-silent,0,0,,0,direct_mcp_review=ok; source=Skyrim.esm; stages=0; journal_stages=none; completion_stages=none; objectives=0,
03D20C:Skyrim.esm,Skyrim.esm,DialogueDawnstarWhiteHallBrinaHorikScene02,DialogueDawnstarWhiteHallBrinaHorikScene02,structural-silent,0,0,,0,direct_mcp_review=ok; source=Skyrim.esm; stages=0; journal_stages=none; completion_stages=none; objectives=0,
03D20E:Skyrim.esm,Skyrim.esm,DialogueDawnstarWhiteHallBrinaHorikScene01,DialogueDawnstarWhiteHallBrinaHorikScene01,structural-silent,0,0,,0,direct_mcp_review=ok; source=Skyrim.esm; stages=0; journal_stages=none; completion_stages=none; objectives=0,
03D210:Skyrim.esm,Skyrim.esm,DialogueDawnstarWhiteHallMadenaHorik02,DialogueDawnstarWhiteHallMadenaHorik02,structural-silent,0,0,,0,direct_mcp_review=ok; source=Skyrim.esm; stages=0; journal_stages=none; completion_stages=none; objectives=0,
03D212:Skyrim.esm,Skyrim.esm,DialogueDawnstarWhiteHallMadenaHorik01,DialogueDawnstarWhiteHallMadenaHorik01,structural-silent,0,0,,0,direct_mcp_review=ok; source=Skyrim.esm; stages=0; journal_stages=none; completion_stages=none; objectives=0,
03D214:Skyrim.esm,Skyrim.esm,DialogueDawnstarWhiteHallMadenaBrina02,DialogueDawnstarWhiteHallMadenaBrina02,structural-silent,0,0,,0,direct_mcp_review=ok; source=Skyrim.esm; stages=0; journal_stages=none; completion_stages=none; objectives=0,
03D21A:Skyrim.esm,Skyrim.esm,DialogueDawnstarInnKaritaThoringScene02,DialogueDawnstarInnKaritaThoringScene02,structural-silent,0,0,,0,direct_mcp_review=ok; source=Skyrim.esm; stages=0; journal_stages=none; completion_stages=none; objectives=0,
03D21C:Skyrim.esm,Skyrim.esm,DialogueDawnstarInnKaritaThoringScene01,DialogueDawnstarInnKaritaThoringScene01,structural-silent,0,0,,0,direct_mcp_review=ok; source=Skyrim.esm; stages=0; journal_stages=none; completion_stages=none; objectives=0,
03D26C:Skyrim.esm,Skyrim.esm,dunRavenscarQST,,semantic-silent,7,0,,0,direct_mcp_review=ok; source=Skyrim.esm; stages=7; journal_stages=none; completion_stages=none; objectives=0,
03D721:Skyrim.esm,Skyrim.esm,dunAnsilvundQST,,approved-owner,18,0,100,1,direct_mcp_review=ok; source=Skyrim.esm; stages=18; journal_stages=none; completion_stages=100; objectives=1,Owner-approved tagged outcome; cross-generation and promotion are pending.
03DAC7:Skyrim.esm,Skyrim.esm,TGDialogueHQScene01,Thieves Guild Dialogue Scene 01,structural-silent,0,0,,0,direct_mcp_review=ok; source=Skyrim.esm; stages=0; journal_stages=none; completion_stages=none; objectives=0,
03DAC9:Skyrim.esm,Skyrim.esm,TGDialogueHQScene02,Thieves Guild Dialogue Scene 02,structural-silent,0,0,,0,direct_mcp_review=ok; source=Skyrim.esm; stages=0; journal_stages=none; completion_stages=none; objectives=0,
03DACB:Skyrim.esm,Skyrim.esm,TGDialogueHQScene03,Thieves Guild Dialogue Scene 03,structural-silent,0,0,,0,direct_mcp_review=ok; source=Skyrim.esm; stages=0; journal_stages=none; completion_stages=none; objectives=0,
03DACD:Skyrim.esm,Skyrim.esm,TGDialogueHQScene04,Thieves Guild Dialogue Scene 04,structural-silent,0,0,,0,direct_mcp_review=ok; source=Skyrim.esm; stages=0; journal_stages=none; completion_stages=none; objectives=0,
03DACF:Skyrim.esm,Skyrim.esm,TGDialogueHQScene05,Thieves Guild Dialogue Scene 05,structural-silent,0,0,,0,direct_mcp_review=ok; source=Skyrim.esm; stages=0; journal_stages=none; completion_stages=none; objectives=0,
03DAD1:Skyrim.esm,Skyrim.esm,TGDialogueHQScene06,Thieves Guild Dialogue Scene 06,structural-silent,0,0,,0,direct_mcp_review=ok; source=Skyrim.esm; stages=0; journal_stages=none; completion_stages=none; objectives=0,
03DAD3:Skyrim.esm,Skyrim.esm,TGDialogueHQScene07,Thieves Guild Dialogue Scene 07,structural-silent,0,0,,0,direct_mcp_review=ok; source=Skyrim.esm; stages=0; journal_stages=none; completion_stages=none; objectives=0,
03DAD5:Skyrim.esm,Skyrim.esm,TGDialogueHQScene08,Thieves Guild Dialogue Scene 08,structural-silent,0,0,,0,direct_mcp_review=ok; source=Skyrim.esm; stages=0; journal_stages=none; completion_stages=none; objectives=0,
03DAD7:Skyrim.esm,Skyrim.esm,TGDialogueHQScene09,Thieves Guild Dialogue Scene 09,structural-silent,0,0,,0,direct_mcp_review=ok; source=Skyrim.esm; stages=0; journal_stages=none; completion_stages=none; objectives=0,
03DAD9:Skyrim.esm,Skyrim.esm,TGDialogueHQScene10,Thieves Guild Dialogue Scene 10,structural-silent,0,0,,0,direct_mcp_review=ok; source=Skyrim.esm; stages=0; journal_stages=none; completion_stages=none; objectives=0,
03DADB:Skyrim.esm,Skyrim.esm,TGDialogueHQScene11,Thieves Guild Dialogue Scene 11,structural-silent,0,0,,0,direct_mcp_review=ok; source=Skyrim.esm; stages=0; journal_stages=none; completion_stages=none; objectives=0,
03DADD:Skyrim.esm,Skyrim.esm,TGDialogueHQScene12,Thieves Guild Dialogue Scene 12,structural-silent,0,0,,0,direct_mcp_review=ok; source=Skyrim.esm; stages=0; journal_stages=none; completion_stages=none; objectives=0,
03DADF:Skyrim.esm,Skyrim.esm,TGDialogueHQScene13,Thieves Guild Dialogue Scene 13,structural-silent,0,0,,0,direct_mcp_review=ok; source=Skyrim.esm; stages=0; journal_stages=none; completion_stages=none; objectives=0,
03DAE1:Skyrim.esm,Skyrim.esm,TGDialogueHQScene14,Thieves Guild Dialogue Scene 14,structural-silent,0,0,,0,direct_mcp_review=ok; source=Skyrim.esm; stages=0; journal_stages=none; completion_stages=none; objectives=0,
03DAE3:Skyrim.esm,Skyrim.esm,TGDialogueHQScene15,Thieves Guild Dialogue Scene 15,structural-silent,0,0,,0,direct_mcp_review=ok; source=Skyrim.esm; stages=0; journal_stages=none; completion_stages=none; objectives=0,
03DAE5:Skyrim.esm,Skyrim.esm,TGDialogueHQScene16,Thieves Guild Dialogue Scene 16,structural-silent,0,0,,0,direct_mcp_review=ok; source=Skyrim.esm; stages=0; journal_stages=none; completion_stages=none; objectives=0,
03DD29:Skyrim.esm,Skyrim.esm,MS13FIN,The Golden Claw,structural-silent,0,0,,0,direct_mcp_review=ok; source=Skyrim.esm; stages=0; journal_stages=none; completion_stages=none; objectives=0,
03E897:Skyrim.esm,Skyrim.esm,dunHillgrundsTombQST,Ancestral Worship,approved-owner,21,1,100,4,direct_mcp_review=ok; source=Skyrim.esm; stages=21; journal_stages=10; completion_stages=100; objectives=4,Owner-approved tagged outcome; cross-generation and promotion are pending.
03E8A5:Skyrim.esm,Skyrim.esm,CreatureDialogueMudcrab,CreatureDialogueMudcrab,structural-silent,0,0,,0,direct_mcp_review=ok; source=Skyrim.esm; stages=0; journal_stages=none; completion_stages=none; objectives=0,
03ED82:Skyrim.esm,Skyrim.esm,dunValthumeQST,Evil in Waiting,approved-owner,12,4,60,5,direct_mcp_review=ok; source=Skyrim.esm; stages=12; journal_stages=3|15|50|60; completion_stages=60; objectives=5,Owner-approved tagged outcome; cross-generation and promotion are pending.
03EE50:Skyrim.esm,Skyrim.esm,DialogueWindhelmMarketSceneTorstenHillevi,,structural-silent,0,0,,0,direct_mcp_review=ok; source=Skyrim.esm; stages=0; journal_stages=none; completion_stages=none; objectives=0,
03EE5B:Skyrim.esm,Skyrim.esm,DialogueWindhelmMarketSceneTorstenAval,,structural-silent,0,0,,0,direct_mcp_review=ok; source=Skyrim.esm; stages=0; journal_stages=none; completion_stages=none; objectives=0,
03EE60:Skyrim.esm,Skyrim.esm,DialogueWindhelmMarketSceneJoraNiranye,,structural-silent,0,0,,0,direct_mcp_review=ok; source=Skyrim.esm; stages=0; journal_stages=none; completion_stages=none; objectives=0,
03EE77:Skyrim.esm,Skyrim.esm,DialogueWindhelmMarketSceneTorbjornHillevi,,structural-silent,0,0,,0,direct_mcp_review=ok; source=Skyrim.esm; stages=0; journal_stages=none; completion_stages=none; objectives=0,
03EE7B:Skyrim.esm,Skyrim.esm,DialogueWindhelmMarketSceneTorbjornNiranye,,structural-silent,0,0,,0,direct_mcp_review=ok; source=Skyrim.esm; stages=0; journal_stages=none; completion_stages=none; objectives=0,
03EE7D:Skyrim.esm,Skyrim.esm,DialogueWindhelmMarketSceneTovaAval,,structural-silent,0,0,,0,direct_mcp_review=ok; source=Skyrim.esm; stages=0; journal_stages=none; completion_stages=none; objectives=0,
03EFBA:Skyrim.esm,Skyrim.esm,DialogueWindhelmMarketSceneLonelyGaleNiranye,,structural-silent,0,0,,0,direct_mcp_review=ok; source=Skyrim.esm; stages=0; journal_stages=none; completion_stages=none; objectives=0,
03EFBC:Skyrim.esm,Skyrim.esm,DialogueWindhelmMarketSceneNilsineHillevi,,structural-silent,0,0,,0,direct_mcp_review=ok; source=Skyrim.esm; stages=0; journal_stages=none; completion_stages=none; objectives=0,
03EFC1:Skyrim.esm,Skyrim.esm,DialogueWindhelmMarketSceneBrunwulfAval,,structural-silent,0,0,,0,direct_mcp_review=ok; source=Skyrim.esm; stages=0; journal_stages=none; completion_stages=none; objectives=0,
03F21B:Skyrim.esm,Skyrim.esm,DialogueMarkarthGuardIntros,,structural-silent,0,0,,0,direct_mcp_review=ok; source=Skyrim.esm; stages=0; journal_stages=none; completion_stages=none; objectives=0,
03F46A:Skyrim.esm,Skyrim.esm,Favor018,Some Light Theft,approved-owner,5,0,,2,direct_mcp_review=ok; source=Skyrim.esm; stages=5; journal_stages=none; completion_stages=none; objectives=2,Owner-approved under daily-cap repetition rule; direct QF decompile proves s20 transfers the stolen item to the quest giver then advances to cleanup s200.
03F4EC:Skyrim.esm,Skyrim.esm,Favor019,That Was Always There,approved-owner,6,0,20,2,direct_mcp_review=ok; source=Skyrim.esm; stages=6; journal_stages=none; completion_stages=20; objectives=2,Owner-approved under daily-cap repetition rule; direct QUST/QF evidence maps s20 to the requested plant-and-report completion while the alternate s17 route stays unrowed.
03FA16:Skyrim.esm,Skyrim.esm,MQPaarthurnax,Paarthurnax,approved-existing,7,2,100,2,direct_mcp_review=ok; source=Skyrim.esm; stages=7; journal_stages=20|50; completion_stages=100; objectives=2,Existing core/PatchHub ownership; direct QUST readback reconfirmed the row-bearing quest.
03FA17:Skyrim.esm,Skyrim.esm,DA14Start,,approved-owner,7,0,70,1,direct_mcp_review=ok; source=Skyrim.esm; stages=7; journal_stages=none; completion_stages=70; objectives=1,Owner-approved tagged outcome; cross-generation and promotion are pending.
03FA89:Skyrim.esm,Skyrim.esm,dunDarklightQST,Repentance,approved-owner,19,3,40|50,2,direct_mcp_review=ok; source=Skyrim.esm; stages=19; journal_stages=10|20|40; completion_stages=40|50; objectives=2,Owner-approved tagged outcome; cross-generation and promotion are pending.
0403B0:Skyrim.esm,Skyrim.esm,Favor001,Delivery,semantic-silent,4,0,20,1,direct_mcp_review=ok; source=Skyrim.esm; stages=4; journal_stages=none; completion_stages=20; objectives=1,
040B56:Skyrim.esm,Skyrim.esm,ArenaCombatQuest01Skeevers,,semantic-silent,3,0,,0,direct_mcp_review=ok; source=Skyrim.esm; stages=3; journal_stages=none; completion_stages=none; objectives=0,
0414FF:Skyrim.esm,Skyrim.esm,DialogueMorthalInitialScene,,structural-silent,1,0,,0,direct_mcp_review=ok; source=Skyrim.esm; stages=1; journal_stages=none; completion_stages=none; objectives=0,
041F91:Skyrim.esm,Skyrim.esm,FreeformRiften11,Caught Red Handed,approved-owner,9,0,,5,direct_mcp_review=ok; source=Skyrim.esm; stages=9; journal_stages=none; completion_stages=none; objectives=5,Direct QF decompile proves s200 is the shared final reward after confronting Haelga with the three Marks; expose_betray_secret captures the invariant exposure without judging how each Mark was obtained.
041FD2:Skyrim.esm,Skyrim.esm,FreeformRiften12,Helping Hand,approved-owner,5,0,,1,direct_mcp_review=ok; source=Skyrim.esm; stages=5; journal_stages=none; completion_stages=none; objectives=1,Owner-approved tagged outcome; cross-generation and promotion are pending.
0427A0:Skyrim.esm,Skyrim.esm,dunDA14MorvunskarQST,,semantic-silent,5,0,,0,direct_mcp_review=ok; source=Skyrim.esm; stages=5; journal_stages=none; completion_stages=none; objectives=0,
042868:Skyrim.esm,Skyrim.esm,MS05Start,,structural-silent,3,0,,1,direct_mcp_review=ok; source=Skyrim.esm; stages=3; journal_stages=none; completion_stages=none; objectives=1,
0434A3:Skyrim.esm,Skyrim.esm,dunYngolBarrowQST,Yngol's Barrow,semantic-silent,5,0,,2,direct_mcp_review=ok; source=Skyrim.esm; stages=5; journal_stages=none; completion_stages=none; objectives=2,
043A0E:Skyrim.esm,Skyrim.esm,DialogueCidhnaMineBraigDuach01,DialogueCidhnaMineBraigDuach01,structural-silent,0,0,,0,direct_mcp_review=ok; source=Skyrim.esm; stages=0; journal_stages=none; completion_stages=none; objectives=0,
043A12:Skyrim.esm,Skyrim.esm,DialogueCidhnaMineDuachOdvan01,DialogueCidhnaMineDuachOdvan01,structural-silent,0,0,,0,direct_mcp_review=ok; source=Skyrim.esm; stages=0; journal_stages=none; completion_stages=none; objectives=0,
043A14:Skyrim.esm,Skyrim.esm,DialogueCidhnaMineDuachBraig01,DialogueCidhnaMineDuachBraig01,structural-silent,0,0,,0,direct_mcp_review=ok; source=Skyrim.esm; stages=0; journal_stages=none; completion_stages=none; objectives=0,
043A16:Skyrim.esm,Skyrim.esm,DialogueCidhnaMineDuachOdvan02,DialogueCidhnaMineDuachOdvan02,structural-silent,0,0,,0,direct_mcp_review=ok; source=Skyrim.esm; stages=0; journal_stages=none; completion_stages=none; objectives=0,
043BAB:Skyrim.esm,Skyrim.esm,dunShipwreck04QST,Trius' Trinket,approved-owner,7,2,100,2,direct_mcp_review=ok; source=Skyrim.esm; stages=7; journal_stages=10|100; completion_stages=100; objectives=2,Owner-approved tagged outcome; cross-generation and promotion are pending.
043D23:Skyrim.esm,Skyrim.esm,DialogueLoreiusFarm,DialogueLoreiusFarm,structural-silent,0,0,,0,direct_mcp_review=ok; source=Skyrim.esm; stages=0; journal_stages=none; completion_stages=none; objectives=0,
043D2F:Skyrim.esm,Skyrim.esm,DialogueAngasMill,DialogueAngasMill,structural-silent,0,0,,0,direct_mcp_review=ok; source=Skyrim.esm; stages=0; journal_stages=none; completion_stages=none; objectives=0,
043D34:Skyrim.esm,Skyrim.esm,DialogueLoreiusFarmOutsideScene01,DialogueLoreiusFarmOutsideScene01,structural-silent,0,0,,0,direct_mcp_review=ok; source=Skyrim.esm; stages=0; journal_stages=none; completion_stages=none; objectives=0,
043D36:Skyrim.esm,Skyrim.esm,DialogueLoreiusFarmOutsideScene02,DialogueLoreiusFarmOutsideScene02,structural-silent,0,0,,0,direct_mcp_review=ok; source=Skyrim.esm; stages=0; journal_stages=none; completion_stages=none; objectives=0,
043E1A:Skyrim.esm,Skyrim.esm,FreeformRiften13,Pilgrimage,approved-owner,5,0,,2,direct_mcp_review=ok; source=Skyrim.esm; stages=5; journal_stages=none; completion_stages=none; objectives=2,Owner-approved tagged outcome; cross-generation and promotion are pending.
043E25:Skyrim.esm,Skyrim.esm,FreeformRiften14,Hunt and Gather,approved-owner,8,0,,4,direct_mcp_review=ok; source=Skyrim.esm; stages=8; journal_stages=none; completion_stages=none; objectives=4,Direct INFO/TIF and official QF fragments prove s200 follows return of all three requested items and the paid reward; one-shot retrieval labor is safe at the exact terminal.
0443A7:Skyrim.esm,Skyrim.esm,DialogueMorthalThaumaturgistHut01,Morthal Thaumaturgist's Hut Scene 1,structural-silent,0,0,,0,direct_mcp_review=ok; source=Skyrim.esm; stages=0; journal_stages=none; completion_stages=none; objectives=0,
0443F4:Skyrim.esm,Skyrim.esm,dunHighGateRuinsQST,A Scroll For Anska,approved-owner,9,5,100,3,direct_mcp_review=ok; source=Skyrim.esm; stages=9; journal_stages=10|20|90|100|150; completion_stages=100; objectives=3,Owner-approved tagged outcome; cross-generation and promotion are pending.
04463E:Skyrim.esm,Skyrim.esm,DialogueAngasMillKodrirLeifur02,DialogueAngasMillKodrirLeifur02,structural-silent,0,0,,0,direct_mcp_review=ok; source=Skyrim.esm; stages=0; journal_stages=none; completion_stages=none; objectives=0,
044640:Skyrim.esm,Skyrim.esm,DialogueAngasMillKodrirLeifur01,DialogueAngasMillKodrirLeifur01,structural-silent,0,0,,0,direct_mcp_review=ok; source=Skyrim.esm; stages=0; journal_stages=none; completion_stages=none; objectives=0,
044834:Skyrim.esm,Skyrim.esm,DialogueMorthalThaumaturgistHut02,Morthal Thaumaturgist's Hut Scene 2,structural-silent,0,0,,0,direct_mcp_review=ok; source=Skyrim.esm; stages=0; journal_stages=none; completion_stages=none; objectives=0,
044836:Skyrim.esm,Skyrim.esm,DialogueMorthalThaumaturgistHut03,Morthal Thaumaturgist's Hut Scene 3,structural-silent,0,0,,0,direct_mcp_review=ok; source=Skyrim.esm; stages=0; journal_stages=none; completion_stages=none; objectives=0,
044838:Skyrim.esm,Skyrim.esm,DialogueMorthalFalionsHouseScene01,Morthal Falion's House Scene 1,structural-silent,0,0,,0,direct_mcp_review=ok; source=Skyrim.esm; stages=0; journal_stages=none; completion_stages=none; objectives=0,
04483B:Skyrim.esm,Skyrim.esm,DialogueMorthalFalionsHouseScene02,Morthal Falion's House Scene 2,structural-silent,0,0,,0,direct_mcp_review=ok; source=Skyrim.esm; stages=0; journal_stages=none; completion_stages=none; objectives=0,
04483D:Skyrim.esm,Skyrim.esm,DialogueMorthalFalionsHouseScene03,Morthal Falion's House Scene 3,structural-silent,0,0,,0,direct_mcp_review=ok; source=Skyrim.esm; stages=0; journal_stages=none; completion_stages=none; objectives=0,
04483F:Skyrim.esm,Skyrim.esm,DialogueMorthalAlvasHouseScene01,Morthal Alva's House Scene 1,structural-silent,0,0,,0,direct_mcp_review=ok; source=Skyrim.esm; stages=0; journal_stages=none; completion_stages=none; objectives=0,
044841:Skyrim.esm,Skyrim.esm,DialogueMorthalMoorsideScene01,Morthal Moorside Jonna Lurbuk,structural-silent,0,0,,0,direct_mcp_review=ok; source=Skyrim.esm; stages=0; journal_stages=none; completion_stages=none; objectives=0,
044843:Skyrim.esm,Skyrim.esm,DialogueMorthalMoorsideScene02,Morthal Moorside Jonna Lurbuk,structural-silent,0,0,,0,direct_mcp_review=ok; source=Skyrim.esm; stages=0; journal_stages=none; completion_stages=none; objectives=0,
044845:Skyrim.esm,Skyrim.esm,DialogueMorthalMoorsideScene03,Morthal Moorside Gorm Benor,structural-silent,0,0,,0,direct_mcp_review=ok; source=Skyrim.esm; stages=0; journal_stages=none; completion_stages=none; objectives=0,
044847:Skyrim.esm,Skyrim.esm,DialogueMorthalMoorsideScene04,Morthal Moorside Jonna Alva,structural-silent,0,0,,0,direct_mcp_review=ok; source=Skyrim.esm; stages=0; journal_stages=none; completion_stages=none; objectives=0,
044D1F:Skyrim.esm,Skyrim.esm,DialogueRiftenBeeAndBarbScene01,Bee and Barb Scene 01,structural-silent,0,0,,0,direct_mcp_review=ok; source=Skyrim.esm; stages=0; journal_stages=none; completion_stages=none; objectives=0,
044D21:Skyrim.esm,Skyrim.esm,DialogueRiftenBeeAndBarbScene02,Bee and Barb Scene 02,structural-silent,0,0,,0,direct_mcp_review=ok; source=Skyrim.esm; stages=0; journal_stages=none; completion_stages=none; objectives=0,
044D23:Skyrim.esm,Skyrim.esm,DialogueRiftenBeeAndBarbScene03,Bee and Barb Scene 03,structural-silent,0,0,,0,direct_mcp_review=ok; source=Skyrim.esm; stages=0; journal_stages=none; completion_stages=none; objectives=0,
044D25:Skyrim.esm,Skyrim.esm,DialogueRiftenBeeAndBarbScene04,Bee and Barb Scene 04,structural-silent,0,0,,0,direct_mcp_review=ok; source=Skyrim.esm; stages=0; journal_stages=none; completion_stages=none; objectives=0,
045486:Skyrim.esm,Skyrim.esm,DialogueRiverwood_Revised,Riverwood dialogue,structural-silent,3,0,,0,direct_mcp_review=ok; source=Skyrim.esm; stages=3; journal_stages=none; completion_stages=none; objectives=0,
04580E:Skyrim.esm,Skyrim.esm,DialogueRiftenBeeAndBarbScene05,Bee and Barb Scene 05,structural-silent,0,0,,0,direct_mcp_review=ok; source=Skyrim.esm; stages=0; journal_stages=none; completion_stages=none; objectives=0,
045923:Skyrim.esm,Skyrim.esm,MQ302,Season Unending,approved-existing,53,2,,0,direct_mcp_review=ok; source=Skyrim.esm; stages=53; journal_stages=10|15; completion_stages=none; objectives=0,Existing core/PatchHub ownership; direct QUST readback reconfirmed the row-bearing quest.
046B2B:Skyrim.esm,Skyrim.esm,DialogueRiftenBeeAndBarbScene06,Bee and Barb Scene 06,structural-silent,0,0,,0,direct_mcp_review=ok; source=Skyrim.esm; stages=0; journal_stages=none; completion_stages=none; objectives=0,
046B2D:Skyrim.esm,Skyrim.esm,DialogueRiftenBeeAndBarbScene07,Bee and Barb Scene 07,structural-silent,0,0,,0,direct_mcp_review=ok; source=Skyrim.esm; stages=0; journal_stages=none; completion_stages=none; objectives=0,
046B2F:Skyrim.esm,Skyrim.esm,DialogueRiftenBlackBriarMeaderyScene01,Black Briar Meadery Scene 01,structural-silent,0,0,,0,direct_mcp_review=ok; source=Skyrim.esm; stages=0; journal_stages=none; completion_stages=none; objectives=0,
046B31:Skyrim.esm,Skyrim.esm,DialogueRiftenBlackBriarMeaderyScene02,Black Briar Meadery Scene 02,structural-silent,0,0,,0,direct_mcp_review=ok; source=Skyrim.esm; stages=0; journal_stages=none; completion_stages=none; objectives=0,
046B33:Skyrim.esm,Skyrim.esm,DialogueRiftenBlackBriarMeaderyScene03,Black Briar Meadery Scene 03,structural-silent,0,0,,0,direct_mcp_review=ok; source=Skyrim.esm; stages=0; journal_stages=none; completion_stages=none; objectives=0,
046B35:Skyrim.esm,Skyrim.esm,DialogueRiftenPawnedPrawnScene01,Pawned Prawn Scene 01,structural-silent,0,0,,0,direct_mcp_review=ok; source=Skyrim.esm; stages=0; journal_stages=none; completion_stages=none; objectives=0,
046B37:Skyrim.esm,Skyrim.esm,DialogueRiftenPawnedPrawnScene02,Pawned Prawn Scene 02,structural-silent,0,0,,0,direct_mcp_review=ok; source=Skyrim.esm; stages=0; journal_stages=none; completion_stages=none; objectives=0,
046B39:Skyrim.esm,Skyrim.esm,DialogueRiftenBlackBriarManorScene01,Black Briar Manor Scene 01,structural-silent,0,0,,0,direct_mcp_review=ok; source=Skyrim.esm; stages=0; journal_stages=none; completion_stages=none; objectives=0,
046B3B:Skyrim.esm,Skyrim.esm,DialogueRiftenBlackBriarManorScene02,Black Briar Manor Scene 02,structural-silent,0,0,,0,direct_mcp_review=ok; source=Skyrim.esm; stages=0; journal_stages=none; completion_stages=none; objectives=0,
046B3D:Skyrim.esm,Skyrim.esm,DialogueRiftenTempleofMaraScene01,Temple of Mara Scene 01,structural-silent,0,0,,0,direct_mcp_review=ok; source=Skyrim.esm; stages=0; journal_stages=none; completion_stages=none; objectives=0,
046B3F:Skyrim.esm,Skyrim.esm,DialogueRiftenTempleofMaraScene02,Temple of Mara Scene 02,structural-silent,0,0,,0,direct_mcp_review=ok; source=Skyrim.esm; stages=0; journal_stages=none; completion_stages=none; objectives=0,
046B41:Skyrim.esm,Skyrim.esm,DialogueRiftenSnowShodHouseScene01,Snow Shod House Scene 01,structural-silent,0,0,,0,direct_mcp_review=ok; source=Skyrim.esm; stages=0; journal_stages=none; completion_stages=none; objectives=0,
046B43:Skyrim.esm,Skyrim.esm,DialogueRiftenSnowShodHouseScene02,Snow Shod House Scene 02,structural-silent,0,0,,0,direct_mcp_review=ok; source=Skyrim.esm; stages=0; journal_stages=none; completion_stages=none; objectives=0,
046B45:Skyrim.esm,Skyrim.esm,DialogueRiftenSnowShodHouseScene03,Snow Shod House Scene 03,structural-silent,0,0,,0,direct_mcp_review=ok; source=Skyrim.esm; stages=0; journal_stages=none; completion_stages=none; objectives=0,
046B47:Skyrim.esm,Skyrim.esm,DialogueRiftenHaelgasBunkhouseScene01,Haelga's Bunkhouse Scene 01,structural-silent,0,0,,0,direct_mcp_review=ok; source=Skyrim.esm; stages=0; journal_stages=none; completion_stages=none; objectives=0,
046B49:Skyrim.esm,Skyrim.esm,DialogueRiftenHaelgasBunkhouseScene02,Haelga's Bunkhouse Scene 02,structural-silent,0,0,,0,direct_mcp_review=ok; source=Skyrim.esm; stages=0; journal_stages=none; completion_stages=none; objectives=0,
046B4B:Skyrim.esm,Skyrim.esm,DialogueRiftenHaelgasBunkhouseScene03,Haelga's Bunkhouse Scene 03,structural-silent,0,0,,0,direct_mcp_review=ok; source=Skyrim.esm; stages=0; journal_stages=none; completion_stages=none; objectives=0,
046B4D:Skyrim.esm,Skyrim.esm,DialogueRiftenHaelgasBunkhouseScene04,Haelga's Bunkhouse Scene 04,structural-silent,0,0,,0,direct_mcp_review=ok; source=Skyrim.esm; stages=0; journal_stages=none; completion_stages=none; objectives=0,
046B4F:Skyrim.esm,Skyrim.esm,DialogueRiftenBeeAndBarbScene08,Bee and Barb Scene 08,structural-silent,0,0,,0,direct_mcp_review=ok; source=Skyrim.esm; stages=0; journal_stages=none; completion_stages=none; objectives=0,
046B51:Skyrim.esm,Skyrim.esm,DialogueRiftenBeeAndBarbScene09,Bee and Barb Scene 09,structural-silent,0,0,,0,direct_mcp_review=ok; source=Skyrim.esm; stages=0; journal_stages=none; completion_stages=none; objectives=0,
046B53:Skyrim.esm,Skyrim.esm,DialogueRiftenBeeAndBarbScene10,Bee and Barb Scene 10,structural-silent,0,0,,0,direct_mcp_review=ok; source=Skyrim.esm; stages=0; journal_stages=none; completion_stages=none; objectives=0,
046B55:Skyrim.esm,Skyrim.esm,DialogueRiftenBeeAndBarbScene11,Bee and Barb Scene 11,structural-silent,0,0,,0,direct_mcp_review=ok; source=Skyrim.esm; stages=0; journal_stages=none; completion_stages=none; objectives=0,
046B57:Skyrim.esm,Skyrim.esm,DialogueRiftenBeeAndBarbScene12,Bee and Barb Scene 12,structural-silent,0,0,,0,direct_mcp_review=ok; source=Skyrim.esm; stages=0; journal_stages=none; completion_stages=none; objectives=0,
046B59:Skyrim.esm,Skyrim.esm,DialogueRiftenGrandPlazaScene01,Grand Plaza Scene 01,structural-silent,0,0,,0,direct_mcp_review=ok; source=Skyrim.esm; stages=0; journal_stages=none; completion_stages=none; objectives=0,
046B5B:Skyrim.esm,Skyrim.esm,DialogueRiftenGrandPlazaScene02,Grand Plaza Scene 02,structural-silent,0,0,,0,direct_mcp_review=ok; source=Skyrim.esm; stages=0; journal_stages=none; completion_stages=none; objectives=0,
046B5D:Skyrim.esm,Skyrim.esm,DialogueRiftenGrandPlazaScene03,Grand Plaza Scene 03,structural-silent,0,0,,0,direct_mcp_review=ok; source=Skyrim.esm; stages=0; journal_stages=none; completion_stages=none; objectives=0,
046B5F:Skyrim.esm,Skyrim.esm,DialogueRiftenGrandPlazaScene04,Grand Plaza Scene 04,structural-silent,0,0,,0,direct_mcp_review=ok; source=Skyrim.esm; stages=0; journal_stages=none; completion_stages=none; objectives=0,
046B61:Skyrim.esm,Skyrim.esm,DialogueRiftenGrandPlazaScene05,Grand Plaza Scene 05,structural-silent,0,0,,0,direct_mcp_review=ok; source=Skyrim.esm; stages=0; journal_stages=none; completion_stages=none; objectives=0,
046B63:Skyrim.esm,Skyrim.esm,DialogueRiftenGrandPlazaScene06,Grand Plaza Scene 06,structural-silent,0,0,,0,direct_mcp_review=ok; source=Skyrim.esm; stages=0; journal_stages=none; completion_stages=none; objectives=0,
046B65:Skyrim.esm,Skyrim.esm,DialogueRiftenGrandPlazaScene07,Grand Plaza Scene 07,structural-silent,0,0,,0,direct_mcp_review=ok; source=Skyrim.esm; stages=0; journal_stages=none; completion_stages=none; objectives=0,
046B67:Skyrim.esm,Skyrim.esm,DialogueRiftenGrandPlazaScene08,Grand Plaza Scene 08,structural-silent,0,0,,0,direct_mcp_review=ok; source=Skyrim.esm; stages=0; journal_stages=none; completion_stages=none; objectives=0,
046B69:Skyrim.esm,Skyrim.esm,DialogueRiftenGrandPlazaScene09,Grand Plaza Scene 09,structural-silent,0,0,,0,direct_mcp_review=ok; source=Skyrim.esm; stages=0; journal_stages=none; completion_stages=none; objectives=0,
046B6B:Skyrim.esm,Skyrim.esm,DialogueRiftenKeepScene01,Riften Keep Scene 01,structural-silent,0,0,,0,direct_mcp_review=ok; source=Skyrim.esm; stages=0; journal_stages=none; completion_stages=none; objectives=0,
046B6D:Skyrim.esm,Skyrim.esm,DialogueRiftenKeepScene02,Riften Keep Scene 02,structural-silent,0,0,,0,direct_mcp_review=ok; source=Skyrim.esm; stages=0; journal_stages=none; completion_stages=none; objectives=0,
046B6F:Skyrim.esm,Skyrim.esm,DialogueRiftenKeepScene03,Riften Keep Scene 03,structural-silent,0,0,,0,direct_mcp_review=ok; source=Skyrim.esm; stages=0; journal_stages=none; completion_stages=none; objectives=0,
046B71:Skyrim.esm,Skyrim.esm,DialogueRiftenKeepScene04,Riften Keep Scene 04,structural-silent,0,0,,0,direct_mcp_review=ok; source=Skyrim.esm; stages=0; journal_stages=none; completion_stages=none; objectives=0,
046B73:Skyrim.esm,Skyrim.esm,DialogueRiftenKeepScene05,Riften Keep Scene 05,structural-silent,0,0,,0,direct_mcp_review=ok; source=Skyrim.esm; stages=0; journal_stages=none; completion_stages=none; objectives=0,
046B75:Skyrim.esm,Skyrim.esm,DialogueRiftenKeepScene06,Riften Keep Scene 06,structural-silent,0,0,,0,direct_mcp_review=ok; source=Skyrim.esm; stages=0; journal_stages=none; completion_stages=none; objectives=0,
046B77:Skyrim.esm,Skyrim.esm,DialogueRiftenKeepScene07,Riften Keep Scene 07,structural-silent,0,0,,0,direct_mcp_review=ok; source=Skyrim.esm; stages=0; journal_stages=none; completion_stages=none; objectives=0,
046B79:Skyrim.esm,Skyrim.esm,DialogueRiftenKeepScene08,Riften Keep Scene 08,structural-silent,0,0,,0,direct_mcp_review=ok; source=Skyrim.esm; stages=0; journal_stages=none; completion_stages=none; objectives=0,
046B7B:Skyrim.esm,Skyrim.esm,DialogueRiftenKeepScene09,Riften Keep Scene 09,structural-silent,0,0,,0,direct_mcp_review=ok; source=Skyrim.esm; stages=0; journal_stages=none; completion_stages=none; objectives=0,
046B7D:Skyrim.esm,Skyrim.esm,DialogueRiftenKeepScene10,Riften Keep Scene 10,structural-silent,0,0,,0,direct_mcp_review=ok; source=Skyrim.esm; stages=0; journal_stages=none; completion_stages=none; objectives=0,
046B8E:Skyrim.esm,Skyrim.esm,MQCallDragon,,semantic-silent,4,0,,0,direct_mcp_review=ok; source=Skyrim.esm; stages=4; journal_stages=none; completion_stages=none; objectives=0,
046D96:Skyrim.esm,Skyrim.esm,DialogueRiftenMjollHouseScene01,Mjoll's House Scene 01,structural-silent,0,0,,0,direct_mcp_review=ok; source=Skyrim.esm; stages=0; journal_stages=none; completion_stages=none; objectives=0,
046D98:Skyrim.esm,Skyrim.esm,DialogueRiftenMjollHouseScene02,Mjoll's House Scene 01,structural-silent,0,0,,0,direct_mcp_review=ok; source=Skyrim.esm; stages=0; journal_stages=none; completion_stages=none; objectives=0,
046D9A:Skyrim.esm,Skyrim.esm,DialogueRiftenRaggedFlagonScene01,Ragged Flagon Scene 01,structural-silent,0,0,,0,direct_mcp_review=ok; source=Skyrim.esm; stages=0; journal_stages=none; completion_stages=none; objectives=0,
046D9C:Skyrim.esm,Skyrim.esm,DialogueRiftenRaggedFlagonScene02,Ragged Flagon Scene 02,structural-silent,0,0,,0,direct_mcp_review=ok; source=Skyrim.esm; stages=0; journal_stages=none; completion_stages=none; objectives=0,
046D9E:Skyrim.esm,Skyrim.esm,DialogueRiftenFisheryScene01,Riften Fishery Scene 01,structural-silent,0,0,,0,direct_mcp_review=ok; source=Skyrim.esm; stages=0; journal_stages=none; completion_stages=none; objectives=0,
046DA0:Skyrim.esm,Skyrim.esm,DialogueRiftenFisheryScene02,Riften Fishery Scene 02,structural-silent,0,0,,0,direct_mcp_review=ok; source=Skyrim.esm; stages=0; journal_stages=none; completion_stages=none; objectives=0,
046DA3:Skyrim.esm,Skyrim.esm,DialogueRiftenFisheryScene03,Riften Fishery Scene 03,structural-silent,0,0,,0,direct_mcp_review=ok; source=Skyrim.esm; stages=0; journal_stages=none; completion_stages=none; objectives=0,
046DA5:Skyrim.esm,Skyrim.esm,DialogueRiftenFisheryScene04,Riften Fishery Scene 04,structural-silent,0,0,,0,direct_mcp_review=ok; source=Skyrim.esm; stages=0; journal_stages=none; completion_stages=none; objectives=0,
046DA7:Skyrim.esm,Skyrim.esm,DialogueRiftenKeepScene11,Riften Keep Scene 11,structural-silent,0,0,,0,direct_mcp_review=ok; source=Skyrim.esm; stages=0; journal_stages=none; completion_stages=none; objectives=0,
046DA9:Skyrim.esm,Skyrim.esm,DialogueRiftenElgrimsElixirsScene01,Elgrim's Elixir's Scene 01,structural-silent,0,0,,0,direct_mcp_review=ok; source=Skyrim.esm; stages=0; journal_stages=none; completion_stages=none; objectives=0,
046DAB:Skyrim.esm,Skyrim.esm,DialogueRiftenElgrimsElixirsScene02,Elgrim's Elixir's Scene 02,structural-silent,0,0,,0,direct_mcp_review=ok; source=Skyrim.esm; stages=0; journal_stages=none; completion_stages=none; objectives=0,
046ED0:Skyrim.esm,Skyrim.esm,CreatureDialogueDragonPriest,CreatureDialogueDragonPriest,structural-silent,0,0,,0,direct_mcp_review=ok; source=Skyrim.esm; stages=0; journal_stages=none; completion_stages=none; objectives=0,
046EF0:Skyrim.esm,Skyrim.esm,MQ303,The World-Eater's Eyrie,approved-existing,20,3,300,4,direct_mcp_review=ok; source=Skyrim.esm; stages=20; journal_stages=10|100|300; completion_stages=300; objectives=4,Existing core/PatchHub ownership; direct QUST readback reconfirmed the row-bearing quest.
046EF2:Skyrim.esm,Skyrim.esm,MQ305,Dragonslayer,approved-existing,20,3,200,2,direct_mcp_review=ok; source=Skyrim.esm; stages=20; journal_stages=10|120|200; completion_stages=200; objectives=2,Existing core/PatchHub ownership; direct QUST readback reconfirmed the row-bearing quest.
046EF3:Skyrim.esm,Skyrim.esm,MQ306,,semantic-silent,10,0,,1,direct_mcp_review=ok; source=Skyrim.esm; stages=10; journal_stages=none; completion_stages=none; objectives=1,
04737F:Skyrim.esm,Skyrim.esm,CreatureDialogueHorker,CreatureDialogueHorker,structural-silent,0,0,,0,direct_mcp_review=ok; source=Skyrim.esm; stages=0; journal_stages=none; completion_stages=none; objectives=0,
047AE6:Skyrim.esm,Skyrim.esm,DGIntimidateQuest,,semantic-silent,9,0,,0,direct_mcp_review=ok; source=Skyrim.esm; stages=9; journal_stages=none; completion_stages=none; objectives=0,
048121:Skyrim.esm,Skyrim.esm,dunFrostflowAbyssQST,,approved-owner,10,0,100,1,direct_mcp_review=ok; source=Skyrim.esm; stages=10; journal_stages=none; completion_stages=100; objectives=1,Owner-approved tagged outcome; cross-generation and promotion are pending.
048364:Skyrim.esm,Skyrim.esm,dunBluePalaceWingQST,,structural-silent,0,0,,0,direct_mcp_review=ok; source=Skyrim.esm; stages=0; journal_stages=none; completion_stages=none; objectives=0,
049DB2:Skyrim.esm,Skyrim.esm,dunSaarthal,,structural-silent,0,0,,0,direct_mcp_review=ok; source=Skyrim.esm; stages=0; journal_stages=none; completion_stages=none; objectives=0,
04A37B:Skyrim.esm,Skyrim.esm,DA08,The Whispering Door,approved-existing,11,4,60,6,direct_mcp_review=ok; source=Skyrim.esm; stages=11; journal_stages=10|25|60|80; completion_stages=60; objectives=6,Existing core/PatchHub ownership; direct QUST readback reconfirmed the row-bearing quest.
04A602:Skyrim.esm,Skyrim.esm,WEDA02,DA02 Hook,structural-silent,3,0,,1,direct_mcp_review=ok; source=Skyrim.esm; stages=3; journal_stages=none; completion_stages=none; objectives=1,
04B2A1:Skyrim.esm,Skyrim.esm,dunTrevasWatchQST,Infiltration,approved-existing,5,4,100,3,direct_mcp_review=ok; source=Skyrim.esm; stages=5; journal_stages=10|20|60|100; completion_stages=100; objectives=3,Existing core/PatchHub ownership; direct QUST readback reconfirmed the row-bearing quest.
04BA68:Skyrim.esm,Skyrim.esm,MQ302Test,,semantic-silent,13,0,,0,direct_mcp_review=ok; source=Skyrim.esm; stages=13; journal_stages=none; completion_stages=none; objectives=0,
04BA6C:Skyrim.esm,Skyrim.esm,dunTalkingStoneQST,,semantic-silent,2,0,,0,direct_mcp_review=ok; source=Skyrim.esm; stages=2; journal_stages=none; completion_stages=none; objectives=0,
04C2FA:Skyrim.esm,Skyrim.esm,DialogueGiant,,structural-silent,0,0,,0,direct_mcp_review=ok; source=Skyrim.esm; stages=0; journal_stages=none; completion_stages=none; objectives=0,
04C49D:Skyrim.esm,Skyrim.esm,FollowerCommentary01,Entrances to Dungeons,structural-silent,0,0,,0,direct_mcp_review=ok; source=Skyrim.esm; stages=0; journal_stages=none; completion_stages=none; objectives=0,
04C5A4:Skyrim.esm,Skyrim.esm,DialogueDraugr,,structural-silent,0,0,,0,direct_mcp_review=ok; source=Skyrim.esm; stages=0; journal_stages=none; completion_stages=none; objectives=0,
04C6EB:Skyrim.esm,Skyrim.esm,FollowerCommentary02,Follower sees an impressive view,structural-silent,0,0,,0,direct_mcp_review=ok; source=Skyrim.esm; stages=0; journal_stages=none; completion_stages=none; objectives=0,
04C727:Skyrim.esm,Skyrim.esm,FollowerCommentary03,Danger Ahead,structural-silent,0,0,,0,direct_mcp_review=ok; source=Skyrim.esm; stages=0; journal_stages=none; completion_stages=none; objectives=0,
04CECE:Skyrim.esm,Skyrim.esm,MQ201Malborn,,approved-existing,12,2,150,2,direct_mcp_review=ok; source=Skyrim.esm; stages=12; journal_stages=20|100; completion_stages=150; objectives=2,Existing core/PatchHub ownership; direct QUST readback reconfirmed the row-bearing quest.
04CEDE:Skyrim.esm,Skyrim.esm,dunFolgunthurQST,,semantic-silent,2,0,,0,direct_mcp_review=ok; source=Skyrim.esm; stages=2; journal_stages=none; completion_stages=none; objectives=0,
04D217:Skyrim.esm,Skyrim.esm,DA11FIN,,semantic-silent,2,0,,0,direct_mcp_review=ok; source=Skyrim.esm; stages=2; journal_stages=none; completion_stages=none; objectives=0,
04D2A6:Skyrim.esm,Skyrim.esm,CreatureDialogueCow,CreatureDialogueCow,structural-silent,0,0,,0,direct_mcp_review=ok; source=Skyrim.esm; stages=0; journal_stages=none; completion_stages=none; objectives=0,
04D2A7:Skyrim.esm,Skyrim.esm,CreatureDialogueIceWraith,CreatureDialogueIceWraith,structural-silent,0,0,,0,direct_mcp_review=ok; source=Skyrim.esm; stages=0; journal_stages=none; completion_stages=none; objectives=0,
04D78E:Skyrim.esm,Skyrim.esm,DialogueFalkreath,,structural-silent,1,0,,0,direct_mcp_review=ok; source=Skyrim.esm; stages=1; journal_stages=none; completion_stages=none; objectives=0,
04D917:Skyrim.esm,Skyrim.esm,DA02KillFriend,,semantic-silent,1,0,,0,direct_mcp_review=ok; source=Skyrim.esm; stages=1; journal_stages=none; completion_stages=none; objectives=0,
04DBC5:Skyrim.esm,Skyrim.esm,TGDialogueKarliah,Karliah Cross-Quest Dialogue,structural-silent,1,0,,0,direct_mcp_review=ok; source=Skyrim.esm; stages=1; journal_stages=none; completion_stages=none; objectives=0,
04E4B5:Skyrim.esm,Skyrim.esm,WE02,Hunters chasing,structural-silent,2,0,,0,direct_mcp_review=ok; source=Skyrim.esm; stages=2; journal_stages=none; completion_stages=none; objectives=0,
04E50D:Skyrim.esm,Skyrim.esm,MQ102,Before the Storm,approved-existing,27,6,160,3,direct_mcp_review=ok; source=Skyrim.esm; stages=27; journal_stages=10|20|30|100|110|160; completion_stages=160; objectives=3,Existing core/PatchHub ownership; direct QUST readback reconfirmed the row-bearing quest.
04E667:Skyrim.esm,Skyrim.esm,dunFaldarsToothQST,,semantic-silent,7,0,100,0,direct_mcp_review=ok; source=Skyrim.esm; stages=7; journal_stages=none; completion_stages=100; objectives=0,
04E848:Skyrim.esm,Skyrim.esm,CreatureDialogueAtronachFrost,CreatureDialogueAtronachFrost,structural-silent,0,0,,0,direct_mcp_review=ok; source=Skyrim.esm; stages=0; journal_stages=none; completion_stages=none; objectives=0,
04E857:Skyrim.esm,Skyrim.esm,CWSiegeAttackObj,Battle of <Alias=City>,structural-silent,3,0,9000,14,direct_mcp_review=ok; source=Skyrim.esm; stages=3; journal_stages=none; completion_stages=9000; objectives=14,
04EC52:Skyrim.esm,Skyrim.esm,RoriksteadFreeform,,approved-owner,6,0,30,2,direct_mcp_review=ok; source=Skyrim.esm; stages=6; journal_stages=none; completion_stages=30; objectives=2,Owner-approved tagged outcome; cross-generation and promotion are pending.
04EEF6:Skyrim.esm,Skyrim.esm,WEWIKill06,WIKill06 Enable and Move Thugs,structural-silent,2,0,,0,direct_mcp_review=ok; source=Skyrim.esm; stages=2; journal_stages=none; completion_stages=none; objectives=0,
04EF25:Skyrim.esm,Skyrim.esm,TG00SPArrest,TG00 Arrest Scene Quest,structural-silent,4,0,,0,direct_mcp_review=ok; source=Skyrim.esm; stages=4; journal_stages=none; completion_stages=none; objectives=0,
04F8BF:Skyrim.esm,Skyrim.esm,CWAttackCity,,semantic-silent,10,0,,0,direct_mcp_review=ok; source=Skyrim.esm; stages=10; journal_stages=none; completion_stages=none; objectives=0,
0504F0:Skyrim.esm,Skyrim.esm,CWMission07,Compelling Tribute,approved-owner,17,4,200,8,direct_mcp_review=ok; source=Skyrim.esm; stages=17; journal_stages=10|30|40|200; completion_stages=200; objectives=8,Owner-approved tagged outcome; cross-generation and promotion are pending.
050763:Skyrim.esm,Skyrim.esm,TG04SP,Scoundrel's Folly Stealth Scene,structural-silent,3,0,,0,direct_mcp_review=ok; source=Skyrim.esm; stages=3; journal_stages=none; completion_stages=none; objectives=0,
050AF1:Skyrim.esm,Skyrim.esm,WIChangeLocation09,Dragon Attack,structural-silent,3,0,,0,direct_mcp_review=ok; source=Skyrim.esm; stages=3; journal_stages=none; completion_stages=none; objectives=0,
050CE3:Skyrim.esm,Skyrim.esm,WIDragonKilled,Dragon Killed with NPC spectators nearby,structural-silent,3,0,,0,direct_mcp_review=ok; source=Skyrim.esm; stages=3; journal_stages=none; completion_stages=none; objectives=0,
050F2E:Skyrim.esm,Skyrim.esm,DBEntranceQuest,,semantic-silent,7,0,,0,direct_mcp_review=ok; source=Skyrim.esm; stages=7; journal_stages=none; completion_stages=none; objectives=0,
051417:Skyrim.esm,Skyrim.esm,DarkBrotherhoodadditionalNPCDialogue,Dark Brotherhood Additional NPC Dialogue,structural-silent,0,0,,0,direct_mcp_review=ok; source=Skyrim.esm; stages=0; journal_stages=none; completion_stages=none; objectives=0,
05160C:Skyrim.esm,Skyrim.esm,dunRannveigQST,,semantic-silent,6,0,,0,direct_mcp_review=ok; source=Skyrim.esm; stages=6; journal_stages=none; completion_stages=none; objectives=0,
05179E:Skyrim.esm,Skyrim.esm,DialogueRiftenHonorhallScene01,Riften Honorhall Orphanage Scene 1,structural-silent,0,0,,0,direct_mcp_review=ok; source=Skyrim.esm; stages=0; journal_stages=none; completion_stages=none; objectives=0,
051B04:Skyrim.esm,Skyrim.esm,DialogueSaarthalExteriorConvoScene2,Saarthal Exterior Scene 2,structural-silent,0,0,,0,direct_mcp_review=ok; source=Skyrim.esm; stages=0; journal_stages=none; completion_stages=none; objectives=0,
051B06:Skyrim.esm,Skyrim.esm,DialogueSaarthalExteriorConvoScene3,Saarthal Exterior Scene 3,structural-silent,0,0,,0,direct_mcp_review=ok; source=Skyrim.esm; stages=0; journal_stages=none; completion_stages=none; objectives=0,
051B08:Skyrim.esm,Skyrim.esm,DialogueSaarthalInteriorConvoScene1,Saarthal Interior Scene 1,structural-silent,0,0,,0,direct_mcp_review=ok; source=Skyrim.esm; stages=0; journal_stages=none; completion_stages=none; objectives=0,
051B0A:Skyrim.esm,Skyrim.esm,DialogueSaarthalInteriorConvoScene2,Saarthal Interior Scene 2,structural-silent,0,0,,0,direct_mcp_review=ok; source=Skyrim.esm; stages=0; journal_stages=none; completion_stages=none; objectives=0,
05222D:Skyrim.esm,Skyrim.esm,CWfortSungardQST,The Battle of Fort Sungard,semantic-silent,3,0,100,0,direct_mcp_review=ok; source=Skyrim.esm; stages=3; journal_stages=none; completion_stages=100; objectives=0,
052795:Skyrim.esm,Skyrim.esm,DA02KillObj,Boethiah's Bidding,approved-existing,2,2,200,1,direct_mcp_review=ok; source=Skyrim.esm; stages=2; journal_stages=50|200; completion_stages=200; objectives=1,Existing core/PatchHub ownership; direct QUST readback reconfirmed the row-bearing quest.
052B8E:Skyrim.esm,Skyrim.esm,DialogueDragonBridgeFarmScene01,DialogueDragonBridge,structural-silent,0,0,,0,direct_mcp_review=ok; source=Skyrim.esm; stages=0; journal_stages=none; completion_stages=none; objectives=0,
052B8F:Skyrim.esm,Skyrim.esm,DialogueDragonBridgeFarmScene02,DialogueDragonBridge,structural-silent,0,0,,0,direct_mcp_review=ok; source=Skyrim.esm; stages=0; journal_stages=none; completion_stages=none; objectives=0,
052B94:Skyrim.esm,Skyrim.esm,DialogueDragonBridgeHorgeirsHouseScene02,DialogueDragonBridge,structural-silent,0,0,,0,direct_mcp_review=ok; source=Skyrim.esm; stages=0; journal_stages=none; completion_stages=none; objectives=0,
052B95:Skyrim.esm,Skyrim.esm,DialogueDragonBridgeHorgeirsHouseScene03,DialogueDragonBridge,structural-silent,0,0,,0,direct_mcp_review=ok; source=Skyrim.esm; stages=0; journal_stages=none; completion_stages=none; objectives=0,
052B96:Skyrim.esm,Skyrim.esm,DialogueDragonBridgeHorgeirsHouseScene01,DialogueDragonBridge,structural-silent,0,0,,0,direct_mcp_review=ok; source=Skyrim.esm; stages=0; journal_stages=none; completion_stages=none; objectives=0,
052B97:Skyrim.esm,Skyrim.esm,DialogueDragonBridgeTavernScene01,DialogueDragonBridge,structural-silent,0,0,,0,direct_mcp_review=ok; source=Skyrim.esm; stages=0; journal_stages=none; completion_stages=none; objectives=0,
052B98:Skyrim.esm,Skyrim.esm,DialogueDragonBridgeTavernScene02,DialogueDragonBridge,structural-silent,0,0,,0,direct_mcp_review=ok; source=Skyrim.esm; stages=0; journal_stages=none; completion_stages=none; objectives=0,
052B9C:Skyrim.esm,Skyrim.esm,DialogueFalkreathDeadMansDrinkScene04,,structural-silent,0,0,,0,direct_mcp_review=ok; source=Skyrim.esm; stages=0; journal_stages=none; completion_stages=none; objectives=0,
052B9F:Skyrim.esm,Skyrim.esm,DialogueFalkreathDeadMansDrinkScene11,,structural-silent,0,0,,0,direct_mcp_review=ok; source=Skyrim.esm; stages=0; journal_stages=none; completion_stages=none; objectives=0,
053305:Skyrim.esm,Skyrim.esm,FreeformRiften01,Supply and Demand,approved-owner,5,0,200,4,direct_mcp_review=ok; source=Skyrim.esm; stages=5; journal_stages=none; completion_stages=200; objectives=4,Owner-approved tagged outcome; cross-generation and promotion are pending.
053306:Skyrim.esm,Skyrim.esm,FreeformRiften02,The Lover's Requital,approved,5,0,200,3,direct_mcp_review=ok; source=Skyrim.esm; stages=5; journal_stages=none; completion_stages=200; objectives=3,Owner-approved global adapter reads pFFRiften02LynlyFriend at shared s200 and maps truth to synthetic s201 and protective lie to s202; RUNTIME-VERIFY.
053307:Skyrim.esm,Skyrim.esm,FreeformRiften03,Under the Table,approved-route-adapter,4,0,200,2,direct_mcp_review=ok; source=Skyrim.esm; stages=4; journal_stages=none; completion_stages=200; objectives=2,Owner-approved physical s200 plus pFFRiften03Arrested selector route maps delivery to synthetic s201 and reporting to synthetic s202; post_readback=ok.
053308:Skyrim.esm,Skyrim.esm,FreeformRiften04,Few and Far Between,approved-owner,8,0,,7,direct_mcp_review=ok; source=Skyrim.esm; stages=8; journal_stages=none; completion_stages=none; objectives=7,Direct INFO/TIF and official QF fragments prove s200 follows delivery of all requested alchemy ingredients and Ingun's reward; exact one-shot commission.
053309:Skyrim.esm,Skyrim.esm,FreeformRiften05,Spread the Love,approved-owner,6,0,,2,direct_mcp_review=ok; source=Skyrim.esm; stages=6; journal_stages=none; completion_stages=none; objectives=2,Owner-approved tagged outcome; cross-generation and promotion are pending.
053318:Skyrim.esm,Skyrim.esm,FreeformRiften06,Sealing the Deal,approved-owner,4,0,200,2,direct_mcp_review=ok; source=Skyrim.esm; stages=4; journal_stages=none; completion_stages=200; objectives=2,Direct INFO proves the three amethysts are for Talen-Jei's Argonian wedding proposal band; official fragments isolate the rewarded s200 terminal.
05331A:Skyrim.esm,Skyrim.esm,FreeformRiften07,Ice Cold,approved-owner,4,0,,2,direct_mcp_review=ok; source=Skyrim.esm; stages=4; journal_stages=none; completion_stages=none; objectives=2,Direct INFO/TIF and official QF fragments prove s200 follows delivery of five ice-wraith teeth; no hunt tag is inferred because purchase is allowed.
05331B:Skyrim.esm,Skyrim.esm,FreeformRiften08,Distant Memories,approved-owner,6,0,,2,direct_mcp_review=ok; source=Skyrim.esm; stages=6; journal_stages=none; completion_stages=none; objectives=2,Owner-approved tagged outcome; cross-generation and promotion are pending.
05331C:Skyrim.esm,Skyrim.esm,FreeformRiften09,Grimsever's Return,approved-owner,5,0,200,2,direct_mcp_review=ok; source=Skyrim.esm; stages=5; journal_stages=none; completion_stages=200; objectives=2,Owner-approved tagged outcome; cross-generation and promotion are pending.
05331D:Skyrim.esm,Skyrim.esm,FreeformRiften10,Stoking the Flames,approved-owner,4,0,200,2,direct_mcp_review=ok; source=Skyrim.esm; stages=4; journal_stages=none; completion_stages=200; objectives=2,Direct INFO/TIF and official QF fragments prove s200 follows supplying fire salts that restore Balimund's ancestral forge.
053511:Skyrim.esm,Skyrim.esm,MS05,Tending the Flames,approved-existing,20,10,300,13,direct_mcp_review=ok; source=Skyrim.esm; stages=20; journal_stages=75|125|150|175|200|225|250|254|255|300; completion_stages=300; objectives=13,Existing core/PatchHub ownership; direct QUST readback reconfirmed the row-bearing quest.
053804:Skyrim.esm,Skyrim.esm,FreeformMarkarthO,"Nimhe, the Poisoned One",approved-owner,3,0,,2,direct_mcp_review=ok; source=Skyrim.esm; stages=3; journal_stages=none; completion_stages=none; objectives=2,Owner-approved tagged outcome; cross-generation and promotion are pending.
05478C:Skyrim.esm,Skyrim.esm,CR08EditorMonitoring,,semantic-silent,1,0,,0,direct_mcp_review=ok; source=Skyrim.esm; stages=1; journal_stages=none; completion_stages=none; objectives=0,
054880:Skyrim.esm,Skyrim.esm,MS02EscapeMadanachEnding,,structural-silent,9,0,,0,direct_mcp_review=ok; source=Skyrim.esm; stages=9; journal_stages=none; completion_stages=none; objectives=0,Direct QF decompile proves child s100 sets parent MS02 s100 then stops; parent owns the semantic outcome and this scene quest stays inert.
0548D5:Skyrim.esm,Skyrim.esm,CWResetGarrison2,,semantic-silent,2,0,,0,direct_mcp_review=ok; source=Skyrim.esm; stages=2; journal_stages=none; completion_stages=none; objectives=0,
0548D6:Skyrim.esm,Skyrim.esm,CWResetGarrison3,,semantic-silent,2,0,,0,direct_mcp_review=ok; source=Skyrim.esm; stages=2; journal_stages=none; completion_stages=none; objectives=0,
0548D7:Skyrim.esm,Skyrim.esm,CWResetGarrison4,,semantic-silent,2,0,,0,direct_mcp_review=ok; source=Skyrim.esm; stages=2; journal_stages=none; completion_stages=none; objectives=0,
0548D8:Skyrim.esm,Skyrim.esm,CWResetGarrison5,,semantic-silent,2,0,,0,direct_mcp_review=ok; source=Skyrim.esm; stages=2; journal_stages=none; completion_stages=none; objectives=0,
0548D9:Skyrim.esm,Skyrim.esm,CWResetGarrison6,,semantic-silent,2,0,,0,direct_mcp_review=ok; source=Skyrim.esm; stages=2; journal_stages=none; completion_stages=none; objectives=0,
0548DA:Skyrim.esm,Skyrim.esm,CWResetGarrison7,,semantic-silent,2,0,,0,direct_mcp_review=ok; source=Skyrim.esm; stages=2; journal_stages=none; completion_stages=none; objectives=0,
0548DB:Skyrim.esm,Skyrim.esm,CWResetGarrison8,,semantic-silent,2,0,,0,direct_mcp_review=ok; source=Skyrim.esm; stages=2; journal_stages=none; completion_stages=none; objectives=0,
0549F3:Skyrim.esm,Skyrim.esm,TG03SP,Dampened Spirits Scene Quest,structural-silent,5,0,,10,direct_mcp_review=ok; source=Skyrim.esm; stages=5; journal_stages=none; completion_stages=none; objectives=10,
054AAC:Skyrim.esm,Skyrim.esm,CWPrepareCity,,semantic-silent,4,0,,0,direct_mcp_review=ok; source=Skyrim.esm; stages=4; journal_stages=none; completion_stages=none; objectives=0,
054D0A:Skyrim.esm,Skyrim.esm,MG01Pointer,College Objective Quest,structural-silent,3,0,200,1,direct_mcp_review=ok; source=Skyrim.esm; stages=3; journal_stages=none; completion_stages=200; objectives=1,
0555DD:Skyrim.esm,Skyrim.esm,FreeformDragonBridge01,,approved-owner,5,0,,2,direct_mcp_review=ok; source=Skyrim.esm; stages=5; journal_stages=none; completion_stages=none; objectives=2,Owner-approved tagged outcome; cross-generation and promotion are pending.
0557E9:Skyrim.esm,Skyrim.esm,FreeformRiften15,Special Delivery,approved-owner,4,0,,1,direct_mcp_review=ok; source=Skyrim.esm; stages=4; journal_stages=none; completion_stages=none; objectives=1,Direct INFO/TIF and official QF fragments prove s200 follows the paid delivery of the Riften Fishery purchase agreement to Markarth.
0557F3:Skyrim.esm,Skyrim.esm,FreeformRiften16,Bring It!,approved-owner,5,0,,2,direct_mcp_review=ok; source=Skyrim.esm; stages=5; journal_stages=none; completion_stages=none; objectives=2,Direct INFO/TIF and official QF fragments prove s200 follows collecting Harrald's repaired sword and delivering it to him.
055977:Skyrim.esm,Skyrim.esm,dunMidden01QST,Forgotten Names,approved-route-adapter,7,0,,0,direct_mcp_review=ok; source=Skyrim.esm; stages=7; journal_stages=none; completion_stages=none; objectives=0,Direct TIF proves release at s80; direct-player kill of unique MiddenVelehk routes s100; post_readback=ok.
055A6E:Skyrim.esm,Skyrim.esm,DialogueMarkarthBlacksmithScene01,DialogueMarkarthBlacksmithScene01,structural-silent,0,0,,0,direct_mcp_review=ok; source=Skyrim.esm; stages=0; journal_stages=none; completion_stages=none; objectives=0,
055A76:Skyrim.esm,Skyrim.esm,DialogueMarkarthPostAttackScene01,,structural-silent,1,0,,0,direct_mcp_review=ok; source=Skyrim.esm; stages=1; journal_stages=none; completion_stages=none; objectives=0,
055AA4:Skyrim.esm,Skyrim.esm,TG07SP,The Pursuit Scene Quest,structural-silent,4,0,,0,direct_mcp_review=ok; source=Skyrim.esm; stages=4; journal_stages=none; completion_stages=none; objectives=0,
055AA9:Skyrim.esm,Skyrim.esm,DialogueMarkarthStablesBanningCedranScene01,DialogueMarkarthStablesBanningCedranScene01,structural-silent,0,0,,0,direct_mcp_review=ok; source=Skyrim.esm; stages=0; journal_stages=none; completion_stages=none; objectives=0,
055B0F:Skyrim.esm,Skyrim.esm,DialogueMarkarthStablesBanningCedranScene02,DialogueMarkarthStablesBanningCedranScene02,structural-silent,0,0,,0,direct_mcp_review=ok; source=Skyrim.esm; stages=0; journal_stages=none; completion_stages=none; objectives=0,
055BFD:Skyrim.esm,Skyrim.esm,MS08ArgueQuest,,semantic-silent,1,0,,0,direct_mcp_review=ok; source=Skyrim.esm; stages=1; journal_stages=none; completion_stages=none; objectives=0,
057F99:Skyrim.esm,Skyrim.esm,TG08A,Trinity Restored,approved-existing,18,5,200,9,direct_mcp_review=ok; source=Skyrim.esm; stages=18; journal_stages=10|20|40|57|200; completion_stages=200; objectives=9,Existing core/PatchHub ownership; direct QUST readback reconfirmed the row-bearing quest.
0590CE:Skyrim.esm,Skyrim.esm,DialogueMarkarthInnEndonFamilyScene01,DialogueMarkarthInnEndonFamilyScene01,structural-silent,0,0,,0,direct_mcp_review=ok; source=Skyrim.esm; stages=0; journal_stages=none; completion_stages=none; objectives=0,
0590D0:Skyrim.esm,Skyrim.esm,DialogueMarkarthInnEndonFamilyScene02,DialogueMarkarthInnEndonFamilyScene02,structural-silent,0,0,,0,direct_mcp_review=ok; source=Skyrim.esm; stages=0; journal_stages=none; completion_stages=none; objectives=0,
0590D2:Skyrim.esm,Skyrim.esm,DialogueMarkarthMarketSceneHogniDegaine1,DialogueMarkarthMarketSceneHogniDegaine1,structural-silent,0,0,,0,direct_mcp_review=ok; source=Skyrim.esm; stages=0; journal_stages=none; completion_stages=none; objectives=0,
0590D4:Skyrim.esm,Skyrim.esm,DialogueMarkarthMarketSceneHogniDegaine2,DialogueMarkarthMarketSceneHogniDegaine2,structural-silent,0,0,,0,direct_mcp_review=ok; source=Skyrim.esm; stages=0; journal_stages=none; completion_stages=none; objectives=0,
059B00:Skyrim.esm,Skyrim.esm,DialogueMarkarthKeepMothThongvorScene01,DialogueMarkarthKeepMothThongvorScene01,structural-silent,0,0,,0,direct_mcp_review=ok; source=Skyrim.esm; stages=0; journal_stages=none; completion_stages=none; objectives=0,
059B02:Skyrim.esm,Skyrim.esm,DialogueMarkarthKeepMothThongvorScene02,DialogueMarkarthKeepMothThongvorScene02,structural-silent,0,0,,0,direct_mcp_review=ok; source=Skyrim.esm; stages=0; journal_stages=none; completion_stages=none; objectives=0,
059F70:Skyrim.esm,Skyrim.esm,DialogueMarkarthArnleifLisbetCosnachScene01,DialogueMarkarthArnleifLisbetCosnachScene01,structural-silent,0,0,,0,direct_mcp_review=ok; source=Skyrim.esm; stages=0; journal_stages=none; completion_stages=none; objectives=0,
059F72:Skyrim.esm,Skyrim.esm,DialogueMarkarthArnleifLisbetCosnachScene02,DialogueMarkarthArnleifLisbetCosnachScene02,structural-silent,0,0,,0,direct_mcp_review=ok; source=Skyrim.esm; stages=0; journal_stages=none; completion_stages=none; objectives=0,
059F74:Skyrim.esm,Skyrim.esm,DialogueMarkarthSmelterMulushOmluag02,DialogueMarkarthSmelterMulushOmluag02,structural-silent,0,0,,0,direct_mcp_review=ok; source=Skyrim.esm; stages=0; journal_stages=none; completion_stages=none; objectives=0,
059F76:Skyrim.esm,Skyrim.esm,DialogueMarkarthSmelterMulushOmluag01,DialogueMarkarthSmelterMulushOmluag01,structural-silent,0,0,,0,direct_mcp_review=ok; source=Skyrim.esm; stages=0; journal_stages=none; completion_stages=none; objectives=0,
059F78:Skyrim.esm,Skyrim.esm,DialogueMarkarthSmelterMulushHathrasil02,DialogueMarkarthSmelterMulushHathrasil02,structural-silent,0,0,,0,direct_mcp_review=ok; source=Skyrim.esm; stages=0; journal_stages=none; completion_stages=none; objectives=0,
059F7A:Skyrim.esm,Skyrim.esm,DialogueMarkarthSmelterMulushHathrasil01,DialogueMarkarthSmelterMulushHathrasil01,structural-silent,0,0,,0,direct_mcp_review=ok; source=Skyrim.esm; stages=0; journal_stages=none; completion_stages=none; objectives=0,
059F7C:Skyrim.esm,Skyrim.esm,DialogueMarkarthSmelterOmluagHathrasil02,DialogueMarkarthSmelterOmluagHathrasil02,structural-silent,0,0,,0,direct_mcp_review=ok; source=Skyrim.esm; stages=0; journal_stages=none; completion_stages=none; objectives=0,
059F7E:Skyrim.esm,Skyrim.esm,DialogueMarkarthSmelterOmluagHathrasil01,DialogueMarkarthSmelterOmluagHathrasil01,structural-silent,0,0,,0,direct_mcp_review=ok; source=Skyrim.esm; stages=0; journal_stages=none; completion_stages=none; objectives=0,
05A0C8:Skyrim.esm,Skyrim.esm,DialogueFalkreathDengeirsHallScene01,,structural-silent,0,0,,0,direct_mcp_review=ok; source=Skyrim.esm; stages=0; journal_stages=none; completion_stages=none; objectives=0,
05A609:Skyrim.esm,Skyrim.esm,MGRRogue,Rogue Wizard,approved-owner,7,0,200,2,direct_mcp_review=ok; source=Skyrim.esm; stages=7; journal_stages=none; completion_stages=200; objectives=2,Owner-approved under daily-cap repetition rule; target-alias decompile proves only a player kill at s10 advances to s20 and QF proves report stages lead to terminal s200.
05A6DC:Skyrim.esm,Skyrim.esm,DialogueFavorGeneric,Generic dialogue,structural-silent,0,0,,0,direct_mcp_review=ok; source=Skyrim.esm; stages=0; journal_stages=none; completion_stages=none; objectives=0,
05A82C:Skyrim.esm,Skyrim.esm,CWMissionCatchEventTopA,,semantic-silent,1,0,,0,direct_mcp_review=ok; source=Skyrim.esm; stages=1; journal_stages=none; completion_stages=none; objectives=0,
05A82D:Skyrim.esm,Skyrim.esm,CWMissionCatchEventBottomA,,semantic-silent,1,0,,0,direct_mcp_review=ok; source=Skyrim.esm; stages=1; journal_stages=none; completion_stages=none; objectives=0,
05A82F:Skyrim.esm,Skyrim.esm,CWMissionCatchEventTopB,,semantic-silent,1,0,,0,direct_mcp_review=ok; source=Skyrim.esm; stages=1; journal_stages=none; completion_stages=none; objectives=0,
05A830:Skyrim.esm,Skyrim.esm,CWMissionCatchEventBottomB,,semantic-silent,1,0,,0,direct_mcp_review=ok; source=Skyrim.esm; stages=1; journal_stages=none; completion_stages=none; objectives=0,
05AEC3:Skyrim.esm,Skyrim.esm,dunWhiterunJailQST,,structural-silent,0,0,,0,direct_mcp_review=ok; source=Skyrim.esm; stages=0; journal_stages=none; completion_stages=none; objectives=0,
05B0EA:Skyrim.esm,Skyrim.esm,dunDuskglowQST,,semantic-silent,3,0,,0,direct_mcp_review=ok; source=Skyrim.esm; stages=3; journal_stages=none; completion_stages=none; objectives=0,
05B1B7:Skyrim.esm,Skyrim.esm,CreatureDialogueDog,CreatureDialogueDog,structural-silent,0,0,,0,direct_mcp_review=ok; source=Skyrim.esm; stages=0; journal_stages=none; completion_stages=none; objectives=0,
05B1B9:Skyrim.esm,Skyrim.esm,DialogueGenericSceneDog01,DialogueGenericSceneDog01,structural-silent,0,0,,0,direct_mcp_review=ok; source=Skyrim.esm; stages=0; journal_stages=none; completion_stages=none; objectives=0,
05B297:Skyrim.esm,Skyrim.esm,DialogueDawnstarInnFridaKaritaScene02,DialogueDawnstarInnFridaKaritaScene02,structural-silent,0,0,,0,direct_mcp_review=ok; source=Skyrim.esm; stages=0; journal_stages=none; completion_stages=none; objectives=0,
05B299:Skyrim.esm,Skyrim.esm,DialogueDawnstarInnFridaKaritaScene01,DialogueDawnstarInnFridaKaritaScene01,structural-silent,0,0,,0,direct_mcp_review=ok; source=Skyrim.esm; stages=0; journal_stages=none; completion_stages=none; objectives=0,
05B29B:Skyrim.esm,Skyrim.esm,DialogueDawnstarInnFridaThoringScene02,DialogueDawnstarInnFridaThoringScene02,structural-silent,0,0,,0,direct_mcp_review=ok; source=Skyrim.esm; stages=0; journal_stages=none; completion_stages=none; objectives=0,
05B29D:Skyrim.esm,Skyrim.esm,DialogueDawnstarInnFridaThoringScene01,DialogueDawnstarInnFridaThoringScene01,structural-silent,0,0,,0,direct_mcp_review=ok; source=Skyrim.esm; stages=0; journal_stages=none; completion_stages=none; objectives=0,
05B29F:Skyrim.esm,Skyrim.esm,DialogueDawnstarInnIrgnirFrukiScene02,DialogueDawnstarInnIrgnirFrukiScene02,structural-silent,0,0,,0,direct_mcp_review=ok; source=Skyrim.esm; stages=0; journal_stages=none; completion_stages=none; objectives=0,
05B2A1:Skyrim.esm,Skyrim.esm,DialogueDawnstarInnIrgnirFrukiScene01,DialogueDawnstarInnIrgnirFrukiScene01,structural-silent,0,0,,0,direct_mcp_review=ok; source=Skyrim.esm; stages=0; journal_stages=none; completion_stages=none; objectives=0,
05B2DE:Skyrim.esm,Skyrim.esm,FreeformRiften17,Truth Ore Consequences,approved-owner,5,0,,2,direct_mcp_review=ok; source=Skyrim.esm; stages=5; journal_stages=none; completion_stages=none; objectives=2,Direct INFO/TIF and official QF fragments prove s200 follows the paid delivery of Redbelly Mine's unusual ore sample for identification.
05B2F2:Skyrim.esm,Skyrim.esm,DialogueGenericDogHellos,DialogueGenericDogHellos,structural-silent,0,0,,0,direct_mcp_review=ok; source=Skyrim.esm; stages=0; journal_stages=none; completion_stages=none; objectives=0,
05B3A5:Skyrim.esm,Skyrim.esm,FreeformRiften18,Ringmaker,approved-owner,8,0,,7,direct_mcp_review=ok; source=Skyrim.esm; stages=8; journal_stages=none; completion_stages=none; objectives=7,Direct INFO/TIF and official QF fragments prove s200 follows delivery of all materials for Madesi's traditional Saxhleel jewelry work.
05B5DC:Skyrim.esm,Skyrim.esm,MGSuspensionQuest,College Suspension,semantic-silent,1,0,,0,direct_mcp_review=ok; source=Skyrim.esm; stages=1; journal_stages=none; completion_stages=none; objectives=0,
05CBAA:Skyrim.esm,Skyrim.esm,CWDialogue,Dialogue (needs to sit under CW and CWCampaign),structural-silent,0,0,,0,direct_mcp_review=ok; source=Skyrim.esm; stages=0; journal_stages=none; completion_stages=none; objectives=0,
05CE25:Skyrim.esm,Skyrim.esm,DialogueRiftenSS05,Riften Scripted Scene - Bee and Barb,structural-silent,1,0,200,0,direct_mcp_review=ok; source=Skyrim.esm; stages=1; journal_stages=none; completion_stages=200; objectives=0,
05D2E9:Skyrim.esm,Skyrim.esm,FreeformWinterholdCollegeA,Research Thief,semantic-silent,4,0,200,0,direct_mcp_review=ok; source=Skyrim.esm; stages=4; journal_stages=none; completion_stages=200; objectives=0,
05D32A:Skyrim.esm,Skyrim.esm,DialogueWinterholdCollegeDormitoryScene03,MG Dormitory Scene 3,structural-silent,0,0,,0,direct_mcp_review=ok; source=Skyrim.esm; stages=0; journal_stages=none; completion_stages=none; objectives=0,
05D32C:Skyrim.esm,Skyrim.esm,DialogueWinterholdCollegeDormitoryScene04,MG Dormitory Scene 4,structural-silent,0,0,,0,direct_mcp_review=ok; source=Skyrim.esm; stages=0; journal_stages=none; completion_stages=none; objectives=0,
05D32E:Skyrim.esm,Skyrim.esm,DialogueWinterholdCollegeDormitoryScene05,MG Dormitory Scene 5,structural-silent,0,0,,0,direct_mcp_review=ok; source=Skyrim.esm; stages=0; journal_stages=none; completion_stages=none; objectives=0,
05D330:Skyrim.esm,Skyrim.esm,DA05LocationCheck,,semantic-silent,2,0,,0,direct_mcp_review=ok; source=Skyrim.esm; stages=2; journal_stages=none; completion_stages=none; objectives=0,
05E2D7:Skyrim.esm,Skyrim.esm,DialogueWinterholdCollegeArcanaeumScene07,MG Arcanaeum Scene 7,structural-silent,0,0,,0,direct_mcp_review=ok; source=Skyrim.esm; stages=0; journal_stages=none; completion_stages=none; objectives=0,
05E2D9:Skyrim.esm,Skyrim.esm,DialogueWinterholdCollegeDormitoryScene06,MG Dormitory Scene 6,structural-silent,0,0,,0,direct_mcp_review=ok; source=Skyrim.esm; stages=0; journal_stages=none; completion_stages=none; objectives=0,
05E2DB:Skyrim.esm,Skyrim.esm,DialogueWinterholdCollegeDormitoryScene07,MG Dormitory Scene 7,structural-silent,0,0,,0,direct_mcp_review=ok; source=Skyrim.esm; stages=0; journal_stages=none; completion_stages=none; objectives=0,
05E2DD:Skyrim.esm,Skyrim.esm,DialogueWinterholdCollegeGHallScene05,MG Great Hall Scene 5,structural-silent,0,0,,0,direct_mcp_review=ok; source=Skyrim.esm; stages=0; journal_stages=none; completion_stages=none; objectives=0,
05E2DF:Skyrim.esm,Skyrim.esm,DialogueWinterholdCollegeDormitoryScene08,MG Dormitory Scene 8,structural-silent,0,0,,0,direct_mcp_review=ok; source=Skyrim.esm; stages=0; journal_stages=none; completion_stages=none; objectives=0,
05E2E1:Skyrim.esm,Skyrim.esm,DialogueWinterholdCollegeDormitoryScene09,MG Dormitory Scene 9,structural-silent,0,0,,0,direct_mcp_review=ok; source=Skyrim.esm; stages=0; journal_stages=none; completion_stages=none; objectives=0,
05E93E:Skyrim.esm,Skyrim.esm,WE22,Imperials vs Stormcloaks,structural-silent,2,0,,0,direct_mcp_review=ok; source=Skyrim.esm; stages=2; journal_stages=none; completion_stages=none; objectives=0,
05EE55:Skyrim.esm,Skyrim.esm,DialogueRiftenBeeAndBarbScene15,Bee and Barb Scene 15,structural-silent,0,0,,0,direct_mcp_review=ok; source=Skyrim.esm; stages=0; journal_stages=none; completion_stages=none; objectives=0,
05EE57:Skyrim.esm,Skyrim.esm,DialogueRiftenBeeAndBarbScene16,Bee and Barb Scene 16,structural-silent,0,0,,0,direct_mcp_review=ok; source=Skyrim.esm; stages=0; journal_stages=none; completion_stages=none; objectives=0,
05EE5C:Skyrim.esm,Skyrim.esm,DialogueRiftenBeeAndBarbScene17,Bee and Barb Scene 17,structural-silent,0,0,,0,direct_mcp_review=ok; source=Skyrim.esm; stages=0; journal_stages=none; completion_stages=none; objectives=0,
05EE62:Skyrim.esm,Skyrim.esm,DialogueRiftenBeeAndBarbScene18,Bee and Barb Scene 18,structural-silent,0,0,,0,direct_mcp_review=ok; source=Skyrim.esm; stages=0; journal_stages=none; completion_stages=none; objectives=0,
05EE68:Skyrim.esm,Skyrim.esm,DialogueRiftenBeeAndBarbScene19,Bee and Barb Scene 19,structural-silent,0,0,,0,direct_mcp_review=ok; source=Skyrim.esm; stages=0; journal_stages=none; completion_stages=none; objectives=0,
05EE76:Skyrim.esm,Skyrim.esm,DialogueRiftenBeeAndBarbScene20,Bee and Barb Scene 14,structural-silent,0,0,,0,direct_mcp_review=ok; source=Skyrim.esm; stages=0; journal_stages=none; completion_stages=none; objectives=0,
05F596:Skyrim.esm,Skyrim.esm,PerksQuest,Perks,structural-silent,6,0,,0,direct_mcp_review=ok; source=Skyrim.esm; stages=6; journal_stages=none; completion_stages=none; objectives=0,
05FB1C:Skyrim.esm,Skyrim.esm,DialogueRiftenGrandPlazaScene11,Grand Plaza Scene 11,structural-silent,0,0,,0,direct_mcp_review=ok; source=Skyrim.esm; stages=0; journal_stages=none; completion_stages=none; objectives=0,
05FB1E:Skyrim.esm,Skyrim.esm,DialogueRiftenGrandPlazaScene12,Grand Plaza Scene 12,structural-silent,0,0,,0,direct_mcp_review=ok; source=Skyrim.esm; stages=0; journal_stages=none; completion_stages=none; objectives=0,
05FB20:Skyrim.esm,Skyrim.esm,DialogueRiftenGrandPlazaScene13,Grand Plaza Scene 13,structural-silent,0,0,,0,direct_mcp_review=ok; source=Skyrim.esm; stages=0; journal_stages=none; completion_stages=none; objectives=0,
05FB22:Skyrim.esm,Skyrim.esm,DialogueRiftenGrandPlazaScene14,Grand Plaza Scene 14,structural-silent,0,0,,0,direct_mcp_review=ok; source=Skyrim.esm; stages=0; journal_stages=none; completion_stages=none; objectives=0,
05FB24:Skyrim.esm,Skyrim.esm,DialogueRiftenGrandPlazaScene15,Grand Plaza Scene 15,structural-silent,0,0,,0,direct_mcp_review=ok; source=Skyrim.esm; stages=0; journal_stages=none; completion_stages=none; objectives=0,
05FB26:Skyrim.esm,Skyrim.esm,DialogueRiftenGrandPlazaScene16,Grand Plaza Scene 16,structural-silent,0,0,,0,direct_mcp_review=ok; source=Skyrim.esm; stages=0; journal_stages=none; completion_stages=none; objectives=0,
05FB28:Skyrim.esm,Skyrim.esm,DialogueRiftenGrandPlazaScene17,Grand Plaza Scene 17,structural-silent,0,0,,0,direct_mcp_review=ok; source=Skyrim.esm; stages=0; journal_stages=none; completion_stages=none; objectives=0,
05FB2A:Skyrim.esm,Skyrim.esm,DialogueRiftenGrandPlazaScene18,Grand Plaza Scene 18,structural-silent,0,0,,0,direct_mcp_review=ok; source=Skyrim.esm; stages=0; journal_stages=none; completion_stages=none; objectives=0,
05FB2C:Skyrim.esm,Skyrim.esm,DialogueRiftenGrandPlazaScene19,Grand Plaza Scene 19,structural-silent,0,0,,0,direct_mcp_review=ok; source=Skyrim.esm; stages=0; journal_stages=none; completion_stages=none; objectives=0,
05FB2E:Skyrim.esm,Skyrim.esm,DialogueRiftenGrandPlazaScene20,Grand Plaza Scene 20,structural-silent,0,0,,0,direct_mcp_review=ok; source=Skyrim.esm; stages=0; journal_stages=none; completion_stages=none; objectives=0,
05FC1D:Skyrim.esm,Skyrim.esm,DialogueRiftenGrandPlazaScene21,Grand Plaza Scene 21,structural-silent,0,0,,0,direct_mcp_review=ok; source=Skyrim.esm; stages=0; journal_stages=none; completion_stages=none; objectives=0,
05FC97:Skyrim.esm,Skyrim.esm,DialogueRiftenGrandPlazaScene22,Grand Plaza Scene 22,structural-silent,0,0,,0,direct_mcp_review=ok; source=Skyrim.esm; stages=0; journal_stages=none; completion_stages=none; objectives=0,
05FCC0:Skyrim.esm,Skyrim.esm,DialogueRiftenGrandPlazaScene23,Grand Plaza Scene 23,structural-silent,0,0,,0,direct_mcp_review=ok; source=Skyrim.esm; stages=0; journal_stages=none; completion_stages=none; objectives=0,
05FD0D:Skyrim.esm,Skyrim.esm,DialogueRiftenGrandPlazaScene24,Grand Plaza Scene 24,structural-silent,0,0,,0,direct_mcp_review=ok; source=Skyrim.esm; stages=0; journal_stages=none; completion_stages=none; objectives=0,
060026:Skyrim.esm,Skyrim.esm,FavorJobsBeggars,Quest all Beggars Have,structural-silent,0,0,,0,direct_mcp_review=ok; source=Skyrim.esm; stages=0; journal_stages=none; completion_stages=none; objectives=0,
0606FB:Skyrim.esm,Skyrim.esm,DialogueDushnikhYalBlacksmithingScene01,DialogueDushnikhYalBlacksmithingScene01,structural-silent,0,0,,0,direct_mcp_review=ok; source=Skyrim.esm; stages=0; journal_stages=none; completion_stages=none; objectives=0,
0606FD:Skyrim.esm,Skyrim.esm,DialogueDushnikhYalBlacksmithingScene02,DialogueDushnikhYalBlacksmithingScene02,structural-silent,0,0,,0,direct_mcp_review=ok; source=Skyrim.esm; stages=0; journal_stages=none; completion_stages=none; objectives=0,
0606FF:Skyrim.esm,Skyrim.esm,DialogueDushnikhYalBlacksmithingScene03,DialogueDushnikhYalBlacksmithingScene03,structural-silent,0,0,,0,direct_mcp_review=ok; source=Skyrim.esm; stages=0; journal_stages=none; completion_stages=none; objectives=0,
060713:Skyrim.esm,Skyrim.esm,DialogueMorKhazgurBagrakBorghakScene01,DialogueMorKhazgurBagrakBorghakScene01,structural-silent,0,0,,0,direct_mcp_review=ok; source=Skyrim.esm; stages=0; journal_stages=none; completion_stages=none; objectives=0,
06098E:Skyrim.esm,Skyrim.esm,TGRFO,The Numbers Job,approved-owner,4,4,200,2,direct_mcp_review=ok; source=Skyrim.esm; stages=4; journal_stages=10|50|200|250; completion_stages=200; objectives=2,Owner-approved under daily-cap repetition rule; s200 directly confirms successful forged-ledger completion and QF grants the reward then stops.
060990:Skyrim.esm,Skyrim.esm,TGRNT,The Bedlam Job,approved-owner,4,4,200,2,direct_mcp_review=ok; source=Skyrim.esm; stages=4; journal_stages=10|50|200|250; completion_stages=200; objectives=2,Owner-approved under daily-cap repetition rule; s200 directly confirms successful theft completion and QF grants the reward then stops.
06099C:Skyrim.esm,Skyrim.esm,FreeformMarkarthL,Skilled Apprenticeship,approved-owner,3,0,,1,direct_mcp_review=ok; source=Skyrim.esm; stages=3; journal_stages=none; completion_stages=none; objectives=1,Direct INFO/TIF and official QF fragments prove s200 follows delivering The Last Scabbard of Akrash so Ghorza can teach her apprentice.
06136B:Skyrim.esm,Skyrim.esm,FreeformSoljundsSinkholeA,Soljund's Sinkhole,approved-owner,3,0,,2,direct_mcp_review=ok; source=Skyrim.esm; stages=3; journal_stages=none; completion_stages=none; objectives=2,Owner-approved tagged outcome; cross-generation and promotion are pending.
0614F7:Skyrim.esm,Skyrim.esm,DialogueSoljundsMineHouseScene02,DialogueSoljundsMineHouseScene02,structural-silent,0,0,,0,direct_mcp_review=ok; source=Skyrim.esm; stages=0; journal_stages=none; completion_stages=none; objectives=0,
0614FA:Skyrim.esm,Skyrim.esm,DialogueSoljundsMineHouseScene03,DialogueSoljundsMineHouseScene03,structural-silent,0,0,,0,direct_mcp_review=ok; source=Skyrim.esm; stages=0; journal_stages=none; completion_stages=none; objectives=0,
0614FC:Skyrim.esm,Skyrim.esm,DialogueSoljundsMineHouseScene04,DialogueSoljundsMineHouseScene04,structural-silent,0,0,,0,direct_mcp_review=ok; source=Skyrim.esm; stages=0; journal_stages=none; completion_stages=none; objectives=0,
06150E:Skyrim.esm,Skyrim.esm,DialogueSoljundsMineScene01,DialogueSoljundsMineScene01,structural-silent,0,0,,0,direct_mcp_review=ok; source=Skyrim.esm; stages=0; journal_stages=none; completion_stages=none; objectives=0,
061510:Skyrim.esm,Skyrim.esm,DialogueSoljundsMineScene02,DialogueSoljundsMineScene02,structural-silent,0,0,,0,direct_mcp_review=ok; source=Skyrim.esm; stages=0; journal_stages=none; completion_stages=none; objectives=0,
062103:Skyrim.esm,Skyrim.esm,WE23,Scavenger,structural-silent,2,0,,0,direct_mcp_review=ok; source=Skyrim.esm; stages=2; journal_stages=none; completion_stages=none; objectives=0,
062119:Skyrim.esm,Skyrim.esm,WE24,A Good Death,approved-route-adapter,2,0,,0,direct_mcp_review=ok; source=Skyrim.esm; stages=2; journal_stages=none; completion_stages=none; objectives=0,Direct-player kill of unique WE24Orc routes synthetic s100 for the requested honorable duel; generic combat owns the kill tag; post_readback=ok.
062131:Skyrim.esm,Skyrim.esm,WE25,"(Min Lvl 2) Hey you there, take this",structural-silent,6,0,,0,direct_mcp_review=ok; source=Skyrim.esm; stages=6; journal_stages=none; completion_stages=none; objectives=0,
0622E8:Skyrim.esm,Skyrim.esm,FreeformKarthwastenA,Sanuarach Mine,approved-owner,11,0,,4,direct_mcp_review=ok; source=Skyrim.esm; stages=11; journal_stages=none; completion_stages=none; objectives=4,Direct QF decompile maps s100 to helping Ainethach retain the mine and s200 to helping Atar; only the supported local-defense s100 branch is proposed.
062F54:Skyrim.esm,Skyrim.esm,FreeformWinterholdA,A Bad Trade,approved-owner,4,0,,1,direct_mcp_review=ok; source=Skyrim.esm; stages=4; journal_stages=none; completion_stages=none; objectives=1,Owner-approved tagged outcome; cross-generation and promotion are pending.
06399F:Skyrim.esm,Skyrim.esm,CreatureDialogueChaurus,CreatureDialogueChaurus,structural-silent,0,0,,0,direct_mcp_review=ok; source=Skyrim.esm; stages=0; journal_stages=none; completion_stages=none; objectives=0,
063B14:Skyrim.esm,Skyrim.esm,DialogueKarthwastenRagnarLash05,DialogueKarthwastenRagnarLash05,structural-silent,0,0,,0,direct_mcp_review=ok; source=Skyrim.esm; stages=0; journal_stages=none; completion_stages=none; objectives=0,
063B16:Skyrim.esm,Skyrim.esm,DialogueKarthwastenEnmonBelchimach01,DialogueKarthwastenEnmonBelchimach01,structural-silent,0,0,,0,direct_mcp_review=ok; source=Skyrim.esm; stages=0; journal_stages=none; completion_stages=none; objectives=0,
063B18:Skyrim.esm,Skyrim.esm,DialogueKarthwastenEnmonBelchimach02,DialogueKarthwastenEnmonBelchimach02,structural-silent,0,0,,0,direct_mcp_review=ok; source=Skyrim.esm; stages=0; journal_stages=none; completion_stages=none; objectives=0,
063B24:Skyrim.esm,Skyrim.esm,DialogueKarthwastenT01EnmonsHouseScene01,DialogueKarthwastenT01EnmonsHouseScene01,structural-silent,0,0,,0,direct_mcp_review=ok; source=Skyrim.esm; stages=0; journal_stages=none; completion_stages=none; objectives=0,
063B2B:Skyrim.esm,Skyrim.esm,DialogueKarthwastenT01EnmonsHouseScene02,DialogueKarthwastenT01EnmonsHouseScene02,structural-silent,0,0,,0,direct_mcp_review=ok; source=Skyrim.esm; stages=0; journal_stages=none; completion_stages=none; objectives=0,
063B2D:Skyrim.esm,Skyrim.esm,DialogueKarthwastenT01EnmonsHouseScene03,DialogueKarthwastenT01EnmonsHouseScene03,structural-silent,0,0,,0,direct_mcp_review=ok; source=Skyrim.esm; stages=0; journal_stages=none; completion_stages=none; objectives=0,
063B2F:Skyrim.esm,Skyrim.esm,DialogueKarthwastenT01EnmonsHouseScene04,DialogueKarthwastenT01EnmonsHouseScene04,structural-silent,0,0,,0,direct_mcp_review=ok; source=Skyrim.esm; stages=0; journal_stages=none; completion_stages=none; objectives=0,
063B31:Skyrim.esm,Skyrim.esm,DialogueKarthwastenRagnarLash01,DialogueKarthwastenRagnarLash01,structural-silent,0,0,,0,direct_mcp_review=ok; source=Skyrim.esm; stages=0; journal_stages=none; completion_stages=none; objectives=0,
063B33:Skyrim.esm,Skyrim.esm,DialogueKarthwastenRagnarLash02,DialogueKarthwastenRagnarLash02,structural-silent,0,0,,0,direct_mcp_review=ok; source=Skyrim.esm; stages=0; journal_stages=none; completion_stages=none; objectives=0,
063B35:Skyrim.esm,Skyrim.esm,DialogueKarthwastenRagnarLash03,DialogueKarthwastenRagnarLash03,structural-silent,0,0,,0,direct_mcp_review=ok; source=Skyrim.esm; stages=0; journal_stages=none; completion_stages=none; objectives=0,
063B37:Skyrim.esm,Skyrim.esm,DialogueKarthwastenRagnarLash04,DialogueKarthwastenRagnarLash04,structural-silent,0,0,,0,direct_mcp_review=ok; source=Skyrim.esm; stages=0; journal_stages=none; completion_stages=none; objectives=0,
063B39:Skyrim.esm,Skyrim.esm,DialogueKarthwastenRagnarBelchimac01,DialogueKarthwastenRagnarBelchimac01,structural-silent,0,0,,0,direct_mcp_review=ok; source=Skyrim.esm; stages=0; journal_stages=none; completion_stages=none; objectives=0,
063B3C:Skyrim.esm,Skyrim.esm,DialogueKarthwastenRagnarBelchimac02,DialogueKarthwastenRagnarBelchimac02,structural-silent,0,0,,0,direct_mcp_review=ok; source=Skyrim.esm; stages=0; journal_stages=none; completion_stages=none; objectives=0,
063B3E:Skyrim.esm,Skyrim.esm,DialogueKarthwastenLashBelchimac01,DialogueKarthwastenLashBelchimac01,structural-silent,0,0,,0,direct_mcp_review=ok; source=Skyrim.esm; stages=0; journal_stages=none; completion_stages=none; objectives=0,
063B40:Skyrim.esm,Skyrim.esm,DialogueKarthwastenLashBelchimac02,DialogueKarthwastenLashBelchimac02,structural-silent,0,0,,0,direct_mcp_review=ok; source=Skyrim.esm; stages=0; journal_stages=none; completion_stages=none; objectives=0,
063B57:Skyrim.esm,Skyrim.esm,MQ201Party,Quest to hold aliases and scenes for party,structural-silent,17,0,,0,direct_mcp_review=ok; source=Skyrim.esm; stages=17; journal_stages=none; completion_stages=none; objectives=0,
