--- Alternate Perspective ---	Adventurer's Start - An Alternate Perspective Addon
--- Alternate Perspective ---	Adventurer's Start - An Alternate Perspective Addon - Bruma
--- Alternate Perspective ---	Alternate Perspective - Alternate Start
--- Alternate Perspective ---	Alternate Perspective - Assorted Fixes and Patches
--- Alternate Perspective ---	Alternate Perspective - Kids in Nirn Refined
--- Alternate Perspective ---	Alternate Perspective - NPC replacer
--- Alternate Perspective ---	Alternate Perspective - No Start Room Markers
--- Alternate Perspective ---	Alternate Perspective - Realistic RS Children
--- Alternate Perspective ---	Alternate Perspective - TrueHUD Compatibility Fix
--- Alternate Perspective ---	Alternate Perspective - Voiced Addon
--- Alternate Perspective ---	Through the Woods - Alternate Perspective Addon
--- Alternate Perspective ---	Why I Came to Skyrim - Origin Stories
City Stuff - Dungeons	Bannermist Tower Overhaul 2.0
City Stuff - Dungeons	Bannermist Tower Overhaul 2.0 - M'rissi Patch
City Stuff - Dungeons	Bleak Falls Barrow Overhaul
City Stuff - Dungeons	Bleak Falls Barrow Overhaul - LOTD Patch
City Stuff - Dungeons	Bleak Falls Tower
City Stuff - Dungeons	Bleak Falls Tower - Addon
City Stuff - Dungeons	Broken Fang
City Stuff - Dungeons	Broken Fang - Lux
City Stuff - Dungeons	Broken Fang - USSEP
City Stuff - Dungeons	Fort Dunstad
City Stuff - Dungeons	Fort Dunstad - Lux Orbis
City Stuff - Dungeons	Fort Dunstad Patch - Lux
City Stuff - Dungeons	Fort Greymoor
City Stuff - Dungeons	Fort Greymoor Patch - Lux Orbis
City Stuff - Dungeons	FuzzBeed's Creepy Caverns - Cronvangr Cave
City Stuff - Dungeons	Halted Stream Camp (Main File)
City Stuff - Dungeons	Halted Stream Camp - Lux
City Stuff - Dungeons	Halted Stream Patch - Lux Orbis
City Stuff - Dungeons	Imperial Castles - Reimperialized Abandoned Prison
City Stuff - Dungeons	Lux - Fort Greymoor Patch
City Stuff - Dungeons	Medieval Towers - Fort Dunstad Patch
City Stuff - Dungeons	Medieval Towers - Fort Greymoor Patch
City Stuff - Dungeons	Redoran's Retreat
City Stuff - Dungeons	Reimperialized Abandoned Prison - Location Overhaul
City Stuff - Dungeons	Reimperialized Abandoned Prison - Lux
City Stuff - Dungeons	Requiem - Bleak Falls Barrow Overhaul
City Stuff - Dungeons	Robber's Gorge
City Stuff - Dungeons	Robber's Gorge - Lux Orbis
City Stuff - Dungeons	Robber's Gorge - Lux Patch
City Stuff - Dungeons	Robber's Gorge - Lux Via
City Stuff - Dungeons	Robber's Gorge - SMIM Patch
City Stuff - Dungeons	Silent Moons Camp
City Stuff - Dungeons	Silent Moons Camp - LOTD
City Stuff - Dungeons	Silent Moons Patch - Lux Orbis
City Stuff - Dungeons	Skybound Underhang Camp
City Stuff - Dungeons	Skybound Underhang Camp - CC Iron Plates
City Stuff - Dungeons	Skybound Underhang Camp - Lux Via
City Stuff - Dungeons	Sunderstone
City Stuff - Dungeons	Sunderstone Patch - Lux
City Stuff - Dungeons	Sunderstone Patch - Lux Orbis
City Stuff - Dungeons	Swindlers Den
Gameplay - Immersion	3D Coin Piles - SE by Xtudo - C.O.I.N
Gameplay - Immersion	AFDI - CC Saints and Seducers Creatures Patch
Gameplay - Immersion	AFDI - JS Lockpicking UI SE - Non-Gold Patch
Gameplay - Immersion	AFDI - TG Alternative Endings Patch
Gameplay - Immersion	Aetherium Forge Destroys Items (AFDI)
Gameplay - Immersion	Auri Reacts To Your Music
Gameplay - Immersion	Bardic Speech - Speech Leveling for Skyrim's Got Talent
Gameplay - Immersion	Basic Wenches
Gameplay - Immersion	Become a Bard
Gameplay - Immersion	Beginner Bard Animations - For Skyrim's Got Talent
Gameplay - Immersion	C.O.I.N
Gameplay - Immersion	C.O.I.N. - Merchant Echange
Gameplay - Immersion	COIN Falmer Coin Exchanger Script Replacer
Gameplay - Immersion	Cooking in Kettles on Campfires
Gameplay - Immersion	Crafting Pulls Resources From Containers
Gameplay - Immersion	DBM - DirtAndBlood - InnSoaps - WadeInWater Patch
Gameplay - Immersion	Dirt and Blood - Dynamic Visual Effects
Gameplay - Immersion	Dirt and Blood - Dynamic Visual Effects - Legacy Settings Loader
Gameplay - Immersion	Dirt and Blood - Merchants Sell Soap
Gameplay - Immersion	Dirt and Blood - Seamless Soap Texture SE by Xtudo
Gameplay - Immersion	Dirt and Blood HD Retexture
Gameplay - Immersion	Enhanced Blood Textures Just Blood Just Not Enhanced Body Blood
Gameplay - Immersion	Fast Travel Cost
Gameplay - Immersion	Fletching - Craft Arrows Anywhere
Gameplay - Immersion	Footprints
Gameplay - Immersion	Footprints - Alternative Design
Gameplay - Immersion	Footprints - heels addon
Gameplay - Immersion	Free Movement for SGT
Gameplay - Immersion	Go To Bed - Requiem
Gameplay - Immersion	Go to bed
Gameplay - Immersion	Go to bed - Patches
Gameplay - Immersion	Handheld Lanterns - HDT-SMP
Gameplay - Immersion	Horse Whistle Key
Gameplay - Immersion	Housecarls Pre-Thaneship
Gameplay - Immersion	Immersive Spell Learning - DESTified
Gameplay - Immersion	Inigo Reacts To Your Music
Gameplay - Immersion	Inn Soaps
Gameplay - Immersion	Inn Soaps Display for Legacy of the Dragonborn
Gameplay - Immersion	Lights On
Gameplay - Immersion	Locked Chests Have Keys
Gameplay - Immersion	Loki's Wade In Water
Gameplay - Immersion	Love Is In The Air - Dynamic NPC Marriages
Gameplay - Immersion	Malignis Animations - Bathing in Skyrim - Renewed
Gameplay - Immersion	Malignis Animations - BiSR - Dirt and Blood Patch
Gameplay - Immersion	New Dirt and Blood Textures - Keep It Clean Bathing In Skyrim
Gameplay - Immersion	Offset Movement Animation- Modders Resource - Skyrim got Talent
Gameplay - Immersion	Sensible Oculory Solution - Logical Mzark Puzzle
Gameplay - Immersion	Sensible Sleepwalking - Wake up at nearest All-Maker Stone
Gameplay - Immersion	Show Player In Inventory
Gameplay - Immersion	Simple Inn Bath
Gameplay - Immersion	Simply Knock - AE
Gameplay - Immersion	Simply Knock SE
Gameplay - Immersion	Skyrim Souls - Phantasmal Chest from LOTD Patch
Gameplay - Immersion	Skyrim Souls RE - Unpaused Menus
Gameplay - Immersion	Skyrim's Got Talent - Improve As a Bard
Gameplay - Immersion	Skyrim's Got Talent - Player Reactions Addon
Gameplay - Immersion	Skyrim's Got Talent - Player Reactions Addon - Free Movement Patch
Gameplay - Immersion	Skyrim's Got Talent - Show in UI
Gameplay - Immersion	Skyrim's Got Talent - Show in UI (Visual Improvements)
Gameplay - Immersion	Stress and Fear - A Dynamic Sanity System
Gameplay - Immersion	Stress and Fear - A Dynamic Sanity System - Settings Loader
Gameplay - Immersion	Third Person First Person Aiming
Gameplay - Immersion	Trails - Unofficial
Gameplay - Immersion	Trails - Unofficial - HighHeels
Gameplay - Immersion	Ultimate Body Enhancer - Wounds
Gameplay - Immersion	Wade In Water Redone
Gameplay - Immersion	Wounds - Simplified
Gameplay - Immersion	Wounds - Simplified - Precision
Gameplay - Immersion	Wounds Overlays Applied
Gameplay - Immersion	Wounds Overlays For RaceMenu
Gameplay - Immersion	Wounds animations
Gameplay - Immersion	Wyrmstooth - Simple Inn Bath SPID
Gameplay - Immersion	Xelzaz Reacts To Your Music
Gameplay - Immersion	YASTM - Yet Another Soul Trap Manager
Gameplay - Line Expansions	Brawl Lines Expansion and Fixes
Gameplay - Line Expansions	CFTO - Witcher Horses Patch
Gameplay - Line Expansions	Carriages and Stables Dialogue Bundle
Gameplay - Line Expansions	Carriages and Stables Dialogue Bundle - CFTO
Gameplay - Line Expansions	Carriages and Stables Dialogue Bundle - Voiced Addon
Gameplay - Line Expansions	Civil War Lines Expansion
Gameplay - Line Expansions	Considerate Followers - Followers are Silent During Dialogue
Gameplay - Line Expansions	Dremora Lines Expansion
Gameplay - Line Expansions	Everybody Hates Nazeem
Gameplay - Line Expansions	Extended Hireling Dialogue - Belrand
Gameplay - Line Expansions	Extended NPC Dialogue - Ahlam
Gameplay - Line Expansions	Extended NPC Dialogue - Embry
Gameplay - Line Expansions	Extended NPC Dialogue - Erdi
Gameplay - Line Expansions	Extended NPC Dialogue - M'aiq the Liar
Gameplay - Line Expansions	Extended NPC Dialogue - Nils
Gameplay - Line Expansions	Extended NPC Dialogue - Sigurd
Gameplay - Line Expansions	Extended NPC Dialogue - Talsgar
Gameplay - Line Expansions	Falmer Servant Lines Expansion
Gameplay - Line Expansions	Follower Dialogue Expansion - Aela the Huntress
Gameplay - Line Expansions	Follower Dialogue Expansion - Aranea Ienith
Gameplay - Line Expansions	Follower Dialogue Expansion - Borgakh the Steel Heart
Gameplay - Line Expansions	Follower Dialogue Expansion - Brelyna Maryon
Gameplay - Line Expansions	Follower Dialogue Expansion - Eola
Gameplay - Line Expansions	Follower Dialogue Expansion - Erik the Slayer
Gameplay - Line Expansions	Follower Dialogue Expansion - Faralda
Gameplay - Line Expansions	Follower Dialogue Expansion - Illia
Gameplay - Line Expansions	Follower Dialogue Expansion - Jenassa
Gameplay - Line Expansions	Follower Dialogue Expansion - Jordis the Sword-Maiden
Gameplay - Line Expansions	Follower Dialogue Expansion - Lydia
Gameplay - Line Expansions	Follower Dialogue Expansion - Marcurio
Gameplay - Line Expansions	Follower Dialogue Expansion - Mjoll the Lioness
Gameplay - Line Expansions	Follower Dialogue Expansion - Roggi Knot-Beard
Gameplay - Line Expansions	Follower Dialogue Expansion - Saadia
Gameplay - Line Expansions	Follower Dialogue Expansion - Sapphire (FDE)
Gameplay - Line Expansions	Follower Dialogue Expansion - Uthgerd the Unbroken
Gameplay - Line Expansions	Forsworn and Thalmor Lines Expansion
Gameplay - Line Expansions	Ill Met by Moonlight - Dialogue Expansion
Gameplay - Line Expansions	Immersive Dialogue Expansion - Jorrvaskr (Companions)
Gameplay - Line Expansions	Immersive Dialogue Expansion - Stormcloaks
Gameplay - Line Expansions	Immersive Dialogue Expansion - Thalmor
Gameplay - Line Expansions	Immersive Rejections
Gameplay - Line Expansions	NPCs React To Frenzy
Gameplay - Line Expansions	NPCs React To Invisibility
Gameplay - Line Expansions	NPCs React To Necromancy
Gameplay - Line Expansions	NPCs React To Necromancy - No Consequences
Gameplay - Line Expansions	NPCs Wear Amulets of Mara PLUS
Gameplay - Line Expansions	Orc Addon for Vampire Lines Expansion
Gameplay - Line Expansions	Requiem - Additional Dremora Faces-Lines Expansion
Gameplay - Line Expansions	Serana Dialogue Add-On
Gameplay - Line Expansions	Serana Dialogue Add-On Patch Hub - rerun
Gameplay - Line Expansions	Simple Fishing Overhaul - Improved Quest Dialogue
Gameplay - Line Expansions	Sleeping Expanded
Gameplay - Line Expansions	Vampire Lines Expansion
Gameplay - Religion	Devotion
Gameplay - Religion	Devotion - PatchHub
Gameplay - Survival	Campfire - CC Fishing
Gameplay - Survival	Campfire - Complete Camping System
Gameplay - Survival	Campfire - Dynamic Activation Key
Gameplay - Survival	Campfire - HD Packed Bedroll - SE by Xtudo
Gameplay - Survival	Campfire - Script Optimization
Gameplay - Survival	Campfire - Tent Pitcher
Gameplay - Survival	Campfire - Torch fix SE
Gameplay - Survival	Campfire Animations
Gameplay - Survival	Campfire Cloaks use slot 46
Gameplay - Survival	Campfire Collectable Deadwood and Branches Base Object Swapper
Gameplay - Survival	Campfire Dynamic Collisions
Gameplay - Survival	Campfire Inventory Injector (I4) Icons
Gameplay - Survival	Campfire Skillrate Alternative
Gameplay - Survival	Campfire and Frostfall - Unofficial SSE Update
Gameplay - Survival	Carry Your Carcasses - Fluffworks Patch
Gameplay - Survival	Carry Your Carcasses - Simple Hunting Overhaul
Gameplay - Survival	Carry Your Carcasses - Simple Hunting Overhaul Hotfix
Gameplay - Survival	Cuyi's Campfire Backpacks
Gameplay - Survival	Cuyi's Campfire Backpacks - renamed
Gameplay - Survival	Description Framework for Camfpire
Gameplay - Survival	ElSopa - Campfire Clean Waterskin
Gameplay - Survival	ElSopa - Campfire HD SE
Gameplay - Survival	Frostfall - Hypothermia Camping Survival
Gameplay - Survival	Frostfall - Reskin Skill Tree
Gameplay - Survival	Frostfall - Seasons
Gameplay - Survival	Frostfall FleshFX Patch
Gameplay - Survival	Frostfall Spell Monitor Optimized
Gameplay - Survival	Hunters Loot - and skin animals
Gameplay - Survival	Igniting Animation for Campfire
Gameplay - Survival	Immersive Carcass Carrying - Simple Hunting Overhaul
Gameplay - Survival	Immersive Hunting Animations
Gameplay - Survival	Requiem - Noxcrab's Survival Mod Patches
Gameplay - Survival	Simple Hunting Overhaul
Gameplay - Survival	Simple Hunting Overhaul - Eating Animations and Sounds Patch
Gameplay - Survival	Simple Hunting Overhaul - Mihail Chicken Patch
Gameplay - Survival	Simple Hunting Overhaul MCM Helper
Gameplay - Survival	Simple Hunting Overhaul Patch - DEER
Gameplay - Survival	Skyrim Teas (madgbi edition)
Gameplay - Survival	Skyrim Teas (madgbi edition) returns flagons
Gameplay - Survival	SunHelm - Creation Club Farming Patch
Gameplay - Survival	SunHelm - Eating Animations patch
Gameplay - Survival	SunHelm Survival - Compatibility Patches
Gameplay - Survival	SunHelm Survival and needs
Gameplay - Survival	Sunehlm - No Startup Quest XP
Gameplay - Survival	Sunhelm - KID patches
Gameplay - Survival	Sunhelm - Waterskin Retetxture
Gameplay - Survival	Sunhelm Patch for CC Survival Food - Requiem
Gameplay - Survival	Survival Control Panel
Gameplay - Survival	Sweets and Such - Baking Expanded SE
Gameplay - Survival	Sweets and Such - Base Object Swapper
Gameplay - Survival	Sweets and Such - Stress and Fear Integration
Gameplay - Survival	UTB - Campfire
Gameplay - Survival	Utenlands Nordic Tents - Campfire Addon
Gameplay - Traveling	Auto Move
Gameplay - Traveling	Auto Move NG
Gameplay - Traveling	CFTO - Fixes and Winterhold
Gameplay - Traveling	Carriage Ferry Travel Overhaul (CFTO) Bittercup Fix
Gameplay - Traveling	Carriage and Ferry Travel Overhaul
Gameplay - Traveling	Fair Rebalancing Of Transit Tariffs - Active Graph Evaluation
Gameplay - Traveling	Ferrymen - Clothing SE by Xtudo - CFTO-Fixes
Gameplay - Traveling	Follower Parkour
Gameplay - Traveling	Followers Sit on Carriages
Gameplay - Traveling	Skyrim's Paraglider
Gameplay - Traveling	Skyrim's Paraglider - ONE
Gameplay - Traveling	Skyrim's Paraglider Anniversary Edition Update
Gameplay - Traveling	Snazzy Diverse Carriages - Alt Vanilla Textures
Gameplay - Traveling	Snazzy Diverse Carriages - BOS
Gameplay - Traveling	Snazzy Diverse Carriages - CFTO Patch
Gameplay - Traveling	Snazzy Diverse Carriages - JS Knapsacks Patch
Gameplay - Traveling	Snazzy Diverse Carriages - Seasonal Patch
Gameplay - Traveling	Wait Carriage in Inns - Fast Travel Improvement
Quests and Newlands - Beyond Skyrim Bruma	Beyond Skyrim - Bruma SE - All Fixes for Custom LODs (with seasons support)
Quests and Newlands - Beyond Skyrim Bruma	Beyond Skyrim - Bruma SE - Assets
Quests and Newlands - Beyond Skyrim Bruma	Beyond Skyrim - Bruma SE - CBBE 3BA and HIMBO
Quests and Newlands - Beyond Skyrim Bruma	Beyond Skyrim - Bruma SE - Creation Club Goblins (Falmer animations)
Quests and Newlands - Beyond Skyrim Bruma	Beyond Skyrim - Bruma SE - DLC
Quests and Newlands - Beyond Skyrim Bruma	Beyond Skyrim - Bruma SE - Daedric Shrines
Quests and Newlands - Beyond Skyrim Bruma	Beyond Skyrim - Bruma SE - Deer mesh and texture fix
Quests and Newlands - Beyond Skyrim Bruma	Beyond Skyrim - Bruma SE - Draugrs
Quests and Newlands - Beyond Skyrim Bruma	Beyond Skyrim - Bruma SE - HFs - BS Bruma Food
Quests and Newlands - Beyond Skyrim Bruma	Beyond Skyrim - Bruma SE - HFs - BS Bruma candles
Quests and Newlands - Beyond Skyrim Bruma	Beyond Skyrim - Bruma SE - HFs - BS Bruma candles - STAC
Quests and Newlands - Beyond Skyrim Bruma	Beyond Skyrim - Bruma SE - HFs - Bruma - Shields
Quests and Newlands - Beyond Skyrim Bruma	Beyond Skyrim - Bruma SE - HFs - Bruma Bedroll
Quests and Newlands - Beyond Skyrim Bruma	Beyond Skyrim - Bruma SE - HFs - Bruma basic dinnerware
Quests and Newlands - Beyond Skyrim Bruma	Beyond Skyrim - Bruma SE - HFs - Bruma braziers
Quests and Newlands - Beyond Skyrim Bruma	Beyond Skyrim - Bruma SE - HFs - Bruma farm door
Quests and Newlands - Beyond Skyrim Bruma	Beyond Skyrim - Bruma SE - HFs - Bruma lower class furniture
Quests and Newlands - Beyond Skyrim Bruma	Beyond Skyrim - Bruma SE - LOTD
Quests and Newlands - Beyond Skyrim Bruma	Beyond Skyrim - Bruma SE - LOTD - Standalone
Quests and Newlands - Beyond Skyrim Bruma	Beyond Skyrim - Bruma SE - LOTD - Standalone - TCC
Quests and Newlands - Beyond Skyrim Bruma	Beyond Skyrim - Bruma SE - Main
Quests and Newlands - Beyond Skyrim Bruma	Beyond Skyrim - Bruma SE - Mesh Fixes
Quests and Newlands - Beyond Skyrim Bruma	Beyond Skyrim - Bruma SE - NPC replacer
Quests and Newlands - Beyond Skyrim Bruma	Beyond Skyrim - Bruma SE - NPC replacer - Update
Quests and Newlands - Beyond Skyrim Bruma	Beyond Skyrim - Bruma SE - RS Children
Quests and Newlands - Beyond Skyrim Bruma	Beyond Skyrim - Bruma SE - Seasons of Bruma
Quests and Newlands - Beyond Skyrim Bruma	Beyond Skyrim - Bruma SE - Seasons of Bruma - Unfrozen
Quests and Newlands - Beyond Skyrim Bruma	Beyond Skyrim - Bruma SE - Shrub replacer
Quests and Newlands - Beyond Skyrim Bruma	Beyond Skyrim - Bruma SE - Simple Inn Bath SPID
Quests and Newlands - Beyond Skyrim Bruma	Beyond Skyrim - Bruma SE - Skyking Signs
Quests and Newlands - Beyond Skyrim Bruma	Beyond Skyrim - Bruma SE - SunHelm
Quests and Newlands - Beyond Skyrim Bruma	Beyond Skyrim - Bruma SE - Universal Weather Compatibility
Quests and Newlands - Beyond Skyrim Bruma	Beyond Skyrim - Bruma SE - Unmarked Locations Pack - Addon
Quests and Newlands - Dac0da	DAC0DA - Anreme Add-On
Quests and Newlands - Dac0da	DAC0DA - English Translation SE
Quests and Newlands - Dac0da	DAC0DA - Rolls-On-Roads Visual Overhaul
Quests and Newlands - Dac0da	DAc0da - Botox Patch
Quests and Newlands - Dac0da	DAc0da - Delayed Start
Quests and Newlands - Dac0da	DAc0da - ElevenLabs Voiced
Quests and Newlands - Dac0da	DAc0da - Mantella Replacer
Quests and Newlands - Dac0da	DAc0da - WaterCollisionHeightAdjust
Quests and Newlands - Dac0da	DAc0da Map Markers
Quests and Newlands - Dac0da	Dac0da
Quests and Newlands - Dac0da	Dac0da - Pure Wintercaller Replacer
Quests and Newlands - Dac0da	Dac0da - TrueHUD Boss Bars
Quests and Newlands - Glenmoril	COTN Falkreath Patch - Glenmoril Patch
Quests and Newlands - Glenmoril	Foamimi's Glenmoril NPC Visual Overhaul
Quests and Newlands - Glenmoril	Foamimi's Glenmoril NPC Visual Overhaul - RS Child
Quests and Newlands - Glenmoril	Foamimi's Rolls - Glen-Moril patch
Quests and Newlands - Glenmoril	GLEN-MORIL - Chick Trader Cart Retexture
Quests and Newlands - Glenmoril	GLEN-MORIL - Clutter Fix
Quests and Newlands - Glenmoril	GLEN-MORIL - JS Common Cages Patch
Quests and Newlands - Glenmoril	GLEN-MORIL - SMIM Door
Quests and Newlands - Glenmoril	GLEN-MORIL ElvenLabs Voiced
Quests and Newlands - Glenmoril	GLENMORIL - Anreme Add-On
Quests and Newlands - Glenmoril	GLENMORIL - Fluffy Patch (Fluffworks)
Quests and Newlands - Glenmoril	GLENMORIL - Lalanoah Uses Default Textures
Quests and Newlands - Glenmoril	GLENMORIL - No Stormcloak Volunteers
Quests and Newlands - Glenmoril	GLENMORIL - Statue With Sword
Quests and Newlands - Glenmoril	GLENMORIL SE v0.96 Alpha
Quests and Newlands - Glenmoril	Glenmoril - Boethiah Shrine Replacer - BOS
Quests and Newlands - Glenmoril	Glenmoril - Delayed Start
Quests and Newlands - Glenmoril	Glenmoril - English Translation SE
Quests and Newlands - Glenmoril	Glenmoril - Gun Replacer
Quests and Newlands - Glenmoril	Glenmoril - Meow-Meow NPC
Quests and Newlands - Glenmoril	Glenmoril - NPC Overhaul
Quests and Newlands - Glenmoril	Glenmoril - TDM Boss Patch
Quests and Newlands - Glenmoril	Glenmoril - WorldSpaces Patches for Glenmoril
Quests and Newlands - Glenmoril	Glenmoril Armors and Weapons Retexture SE
Quests and Newlands - Glenmoril	Glenmoril HIResPack Architecture and Landscape
Quests and Newlands - Glenmoril	Glenmoril HIResPack Creatures
Quests and Newlands - Glenmoril	Seasons of Glenmoril Unfrozen
Quests and Newlands - GrayCowl	The Gray Cowl of Nocturnal - 10th anniversary
Quests and Newlands - GrayCowl	The Gray Cowl of Nocturnal - 10th anniversary - Bounty fix
Quests and Newlands - GrayCowl	The Gray Cowl of Nocturnal - 10th anniversary - Flora Overhaul
Quests and Newlands - GrayCowl	The Gray Cowl of Nocturnal - 10th anniversary - House of The Thief
Quests and Newlands - GrayCowl	The Gray Cowl of Nocturnal - 10th anniversary - Map Fix
Quests and Newlands - GrayCowl	The Gray Cowl of Nocturnal - 10th anniversary - Map Markers
Quests and Newlands - GrayCowl	The Gray Cowl of Nocturnal - 10th anniversary - Music Addon
Quests and Newlands - GrayCowl	The Gray Cowl of Nocturnal - Daedric Shrines
Quests and Newlands - GrayCowl	The Gray Cowl of Nocturnal - Flora Overhaul - LODGEN
Quests and Newlands - GrayCowl	The Gray Cowl of Nocturnal - Immersive interaction
Quests and Newlands - GrayCowl	The Gray Cowl of Nocturnal - NAT3
Quests and Newlands - GrayCowl	The Gray Cowl of Nocturnal - Seasonal Summer
Quests and Newlands - GrayCowl	The Gray Cowl of Nocturnal - Tamriel Landscape Fix
Quests and Newlands - LOTD	LOTD - My Museum music replacer SE by Xtudo
Quests and Newlands - LOTD	LOTD CBBE 3BA and (or) HIMBO Patch
Quests and Newlands - LOTD	Legacy of The Dragonborn - Paintings Remade
Quests and Newlands - LOTD	Legacy of The Dragonborn - SMIM Chests
Quests and Newlands - LOTD	Legacy of The Dragonborn Perk Menu
Quests and Newlands - LOTD	Legacy of the Dragonborn - Better Rkund Maze Navmesh
Quests and Newlands - LOTD	Legacy of the Dragonborn - Fate Cards Remade
Quests and Newlands - LOTD	Legacy of the Dragonborn - Followers Patch - rerun
Quests and Newlands - LOTD	Legacy of the Dragonborn - NPC Overhaul by 1N
Quests and Newlands - LOTD	Legacy of the Dragonborn - Player Homes Displays
Quests and Newlands - LOTD	Legacy of the Dragonborn - Sahrotaar Must Die
Quests and Newlands - LOTD	Legacy of the Dragonborn - Snazzy Excavation Tent
Quests and Newlands - LOTD	Legacy of the Dragonborn - Storage FormList Patches - rerun
Quests and Newlands - LOTD	Legacy of the Dragonborn - The Curator's Companion - rerun
Quests and Newlands - LOTD	Legacy of the Dragonborn - Vanilla Player Homes Displays -TCC Patch
Quests and Newlands - LOTD	Legacy of the Dragonborn BadGremlins Collection
Quests and Newlands - LOTD	Legacy of the Dragonborn Creation Club Patches - rerun
Quests and Newlands - LOTD	Legacy of the Dragonborn Patches (Official) - Blue Palace Terrace Update
Quests and Newlands - LOTD	Legacy of the Dragonborn Patches (Official) - rerun
Quests and Newlands - LOTD	Legacy of the Dragonborn V6
Quests and Newlands - LOTD	Legacy of the Dragonborn Visual Overhaul
Quests and Newlands - LOTD	Legacy of the Dragonbron - Plaques Retexture
Quests and Newlands - LOTD	Legacy of the Dragonbron - Plaques Retexture - CC Addon
Quests and Newlands - LOTD	LotD Visual Overhaul - updated esp
Quests and Newlands - Misc	Ascend - Hidden Peaks of Skyrim
Quests and Newlands - Misc	Ascend - Hidden Peaks of Wyrmstooth
Quests and Newlands - Misc	Daedric Shrines - Fists of Fury
Quests and Newlands - Misc	Fist of Fury - Temp Fix
Quests and Newlands - Misc	Fists of Fury
Quests and Newlands - Misc	Gravewind
Quests and Newlands - Misc	Gravewind - Draugrs
Quests and Newlands - Misc	Gravewind - Landscape Patch
Quests and Newlands - Misc	Quest - Baba Yaga and the Labyrinth
Quests and Newlands - Misc	The Frozen Heart - A Othriel Visual Replacer
Quests and Newlands - Misc	The Frozen Heart - CBBE 3BA Patch
Quests and Newlands - Misc	The Frozen Heart - HIMBO Patch
Quests and Newlands - Misc	The Frozen Heart - Quest Mod
Quests and Newlands - Misc	The Rot - SE by Xtudo - Blackreach add-on
Quests and Newlands - Misc	The Rot - SE by Xtudo - Draugrs Skeleton HD
Quests and Newlands - Misc	The Rot - SE by Xtudo - Skeleton Replacer HD
Quests and Newlands - Misc	The Rot - SE by Xtudo - Textures
Quests and Newlands - Misc	The Rot - SE by Xtudo - Unique Rewards
Quests and Newlands - Misc	The Rot Below
Quests and Newlands - Misc	Wild Witch Outfit - CBBE 3BA - HDT-SMP
Quests and Newlands - Modded Followers	A makeover for Lucien
Quests and Newlands - Modded Followers	Ashe - Crystal Heart
Quests and Newlands - Modded Followers	Ashe - Crystal Heart - Beastiary
Quests and Newlands - Modded Followers	Ashe - Crystal Heart - Combat Nerf
Quests and Newlands - Modded Followers	Ashe - Crystal Heart - Inigo
Quests and Newlands - Modded Followers	Ashe - Crystal Heart - SDA
Quests and Newlands - Modded Followers	At Your Own Pace - Inigo Patch
Quests and Newlands - Modded Followers	Auri - VIGILANT commentary patch tweaks
Quests and Newlands - Modded Followers	Auri Vanilla Map Marker
Quests and Newlands - Modded Followers	Auri's Mount Thistlefoot Texture Fix
Quests and Newlands - Modded Followers	Chie Half-Khajiit 3BA - M'rissi Repalcer
Quests and Newlands - Modded Followers	Crystal Heart - Lulu's Ashe Replacer
Quests and Newlands - Modded Followers	Deadlands Expanded - A Kaidan Quest Overhaul
Quests and Newlands - Modded Followers	Deadlands Expanded - A Kaidan Quest Overhaul - HotFix
Quests and Newlands - Modded Followers	Dwemer Backpack - SE by Xtudo - Remi HDT-SMP
Quests and Newlands - Modded Followers	Dwemer Specialist - Remiel COtR Replacer
Quests and Newlands - Modded Followers	FDE Aela Patch - Auri
Quests and Newlands - Modded Followers	FDE Aela Patch - Lucien
Quests and Newlands - Modded Followers	FDE Aela Patch - Remiel
Quests and Newlands - Modded Followers	FDE Aela Patch - Xelzaz
Quests and Newlands - Modded Followers	FDE Brelyna Auri Patch
Quests and Newlands - Modded Followers	FDE Brelyna Lucien patch
Quests and Newlands - Modded Followers	FDE Jenassa Auri Patch
Quests and Newlands - Modded Followers	FDE Mjoll - Remiel
Quests and Newlands - Modded Followers	FDE Mjoll Auri patch
Quests and Newlands - Modded Followers	Fluffy Thistlefoot
Quests and Newlands - Modded Followers	Foxglove - Auri Replacer - Visual Overhaul - deStandalone
Quests and Newlands - Modded Followers	Heart of Ice - Astrid. Custom Voiced Follower
Quests and Newlands - Modded Followers	Heart of Ice - Astrid. Inigo
Quests and Newlands - Modded Followers	Heart of Ice - Astrid. JK's Solitude Outskirts
Quests and Newlands - Modded Followers	INIGO
Quests and Newlands - Modded Followers	Immersive Kaidan AIO - rerun
Quests and Newlands - Modded Followers	Inigo - FDE Aela Patch
Quests and Newlands - Modded Followers	Inigo - FDE Illia
Quests and Newlands - Modded Followers	Inigo - Follower Dialogue Expansion - Jenassa
Quests and Newlands - Modded Followers	Inigo - Locked Chests Have Keys
Quests and Newlands - Modded Followers	Inigo - cleaned esp File
Quests and Newlands - Modded Followers	Inigo Official Patch SE
Quests and Newlands - Modded Followers	Inigo patch - FDE Brelyna
Quests and Newlands - Modded Followers	KR2's Alternate Kaidan Things
Quests and Newlands - Modded Followers	Kaidan - Forest Wedding Renewal
Quests and Newlands - Modded Followers	Kaidan - Immersive Features - Alternate Bounty Start
Quests and Newlands - Modded Followers	Kaidan - Immersive Features - Exterior Tent Overhaul
Quests and Newlands - Modded Followers	Kaidan - Immersive Features - Large Tent Tweaks
Quests and Newlands - Modded Followers	Kaidan 2
Quests and Newlands - Modded Followers	Kaidan 2 - Immersive Features Miscellaneous Overhauls Patch Compendium
Quests and Newlands - Modded Followers	Kaidan 2 Kiai Horse Replacer
Quests and Newlands - Modded Followers	Kaidan pre Thalmor
Quests and Newlands - Modded Followers	Kaidan pre Thalmor - Skysight SKins
Quests and Newlands - Modded Followers	Kaidan's Nodachi
Quests and Newlands - Modded Followers	Kaidan's War Bow
Quests and Newlands - Modded Followers	Lucien - Creation Club
Quests and Newlands - Modded Followers	Lucien - Immersive Fully Voiced Male Follower
Quests and Newlands - Modded Followers	Lulu's Xelzaz - Xelzaz Visual replacer
Quests and Newlands - Modded Followers	M'rissi's Quest Tweaks and Fixes (ESL)
Quests and Newlands - Modded Followers	M'rissi's Tails of Troubles SE
Quests and Newlands - Modded Followers	Nimhe - Unique Web Mother - Remiel Patch
Quests and Newlands - Modded Followers	Remiel - Cleaned Audio
Quests and Newlands - Modded Followers	Remiel - ESO Scrap replacer by Xtudo
Quests and Newlands - Modded Followers	Remiel-Custom Voiced Dwemer Specialist and Companion
Quests and Newlands - Modded Followers	Remiel-Custom Voiced Dwemer Specialist and Companion - hotfix
Quests and Newlands - Modded Followers	Requiem - Heart of Ice Astrid
Quests and Newlands - Modded Followers	Requiem of the Green - Snazzy Bow
Quests and Newlands - Modded Followers	Simple Follower Framework
Quests and Newlands - Modded Followers	SkyPatcher - Ronan's Glasses for Remiel
Quests and Newlands - Modded Followers	Snazzy Items for Auri (Song of the Green)
Quests and Newlands - Modded Followers	Song of the Green (Auri Follower)
Quests and Newlands - Modded Followers	Song of the Green (Auri Follower) - Enhanced Voice Remastered
Quests and Newlands - Modded Followers	Song of the Green (Auri Follower) - Inigo Banter
Quests and Newlands - Modded Followers	Song of the Green (Auri Follower) - Kaidan Banter
Quests and Newlands - Modded Followers	Song of the Green (Auri Follower) - Vigilant
Quests and Newlands - Modded Followers	The Red-Eyed Warrior - A Kaidan NPC Replacer
Quests and Newlands - Modded Followers	Thogra gra mugur Follower Replacer
Quests and Newlands - Modded Followers	Thogra gra-Mugur - Battle Camp Improvement
Quests and Newlands - Modded Followers	Thogra gra-Mugur - Orc Follower and Quest
Quests and Newlands - Modded Followers	Val Serano - A Makeover
Quests and Newlands - Modded Followers	Val Serano - Outfit Hotfix
Quests and Newlands - Modded Followers	Val Serano - Pirate Follower and Quest Adventure
Quests and Newlands - Modded Followers	Val Serano - Seasons
Quests and Newlands - Modded Followers	Xelzaz - Custom Fully Voiced Argonian Telvanni Follower
Quests and Newlands - Modded Followers	Xelzaz - JK's New Gnisis Cornerclub Patch
Quests and Newlands - Modded Followers	Xelzaz Follower - HD Texture Pack
Quests and Newlands - Modded Followers	Xelzaz Follower - Sirenroot
Quests and Newlands - Modded Followers	Xelzaz Follower - Wyrmstooth
Quests and Newlands - Modded Followers	Xelzaz' Telvanni Spellsword Armor Enhanced
Quests and Newlands - Modded Followers	Yoana - Custom Voiced Follower
Quests and Newlands - Modded Followers	Zoldyg's Inigo - A Visual Replacer
Quests and Newlands - Modded Followers	Zoldyg's Inigo - SMP Hair Addon
Quests and Newlands - Moonpath to Elsewyr	Moonpath To Elsweyr - Retexture SE
Quests and Newlands - Moonpath to Elsewyr	Moonpath to Elsewyr - Siligonder HIMBO Conversion
Quests and Newlands - Moonpath to Elsewyr	Moonpath to Elsweyr - Beyond Skyrim - Bruma
Quests and Newlands - Moonpath to Elsewyr	Moonpath to Elsweyr - Hyena Replacer
Quests and Newlands - Moonpath to Elsewyr	Moonpath to Elsweyr - Project ja-Kha'jay
Quests and Newlands - Moonpath to Elsewyr	Moonpath to Elsweyr - Project ja-Kha'jay - Unofficial
Quests and Newlands - Moonpath to Elsewyr	Moonpath to Elsweyr - Sky and Lightning fix
Quests and Newlands - Moonpath to Elsewyr	Moonpath to Elsweyr - Truehud
Quests and Newlands - Moonpath to Elsewyr	Moonpath to Elsweyr - Unofficial Patch
Quests and Newlands - Moonpath to Elsewyr	Moonpath to Elsweyr SSE
Quests and Newlands - Olenveld	Community Voices - Olenveld Revoiced
Quests and Newlands - Olenveld	OlenVELD - Draugrs
Quests and Newlands - Olenveld	Olenveld
Quests and Newlands - Olenveld	Olenveld - Botox Patch
Quests and Newlands - Olenveld	Olenveld - Fix Pack
Quests and Newlands - Olenveld	Olenveld - Tweaks and Fixes
Quests and Newlands - Olenveld	Requiem - Olenveld
Quests and Newlands - Sanits and Seducers Extended Cut	Extended Cut Saints and Seducers - Tomato Complex Parallax Support - Standalone
Quests and Newlands - Sanits and Seducers Extended Cut	OnMagicEffectApply Replacer Effective -Skyrim Extended Cut S-and-S
Quests and Newlands - Sanits and Seducers Extended Cut	Requiem - Extended Cut Saints and Seducers (ECSS)
Quests and Newlands - Sanits and Seducers Extended Cut	SEC - Saints Seducers - My textures by Xtudo
Quests and Newlands - Sanits and Seducers Extended Cut	Saints And Seducers High Poly NPCs
Quests and Newlands - Sanits and Seducers Extended Cut	Saints And Seducers High Poly NPCs - Update
Quests and Newlands - Sanits and Seducers Extended Cut	Skyrim Extended Cut - Borogove Barred Door Fix
Quests and Newlands - Sanits and Seducers Extended Cut	Skyrim Extended Cut - NAT3 - Patch
Quests and Newlands - Sanits and Seducers Extended Cut	Skyrim Extended Cut - Saints and Seducers
Quests and Newlands - Sanits and Seducers Extended Cut	Trad - Requiem - Saints Seducers - Rare Curios patch
Quests and Newlands - Sanits and Seducers Extended Cut	Witchy Wilderness Saints and Seducers patch
Quests and Newlands - Siege at Icemoth	Metallurgy - Siege at Icemoth
Quests and Newlands - Siege at Icemoth	Requiem - Siege at Icemoth
Quests and Newlands - Siege at Icemoth	Seasons of Icemoth
Quests and Newlands - Siege at Icemoth	Seasons of Icemoth - Unfrozen
Quests and Newlands - Siege at Icemoth	Siege at Icemoth
Quests and Newlands - Siege at Icemoth	Siege at Icemoth - Fishing Integration
Quests and Newlands - Siege at Icemoth	Siege at Icemoth - Kanjs glow patched
Quests and Newlands - Sirenroot	Requiem - Sirenroot
Quests and Newlands - Sirenroot	SIRENROOT - Deluge of Deceit 1.3
Quests and Newlands - Sirenroot	SIRENROOT - HD Texture Pack
Quests and Newlands - Sirenroot	SIRENROOT CBBE 3BA and HIMBO Patch
Quests and Newlands - Sirenroot	Sirenroot - C.O.I.N. - Lux Patch
Quests and Newlands - Skyrim Realistic Conquering	Fort Takeovers Framework
Quests and Newlands - Skyrim Realistic Conquering	Skyrim Realistic Conquering - All In One
Quests and Newlands - Skyrim Realistic Conquering	Skyrim Realistic Conquering - Exclude from Radiant System Options
Quests and Newlands - Skyrim Realistic Conquering	Skyrim Realistic Conquering - Snozz Bannermist
Quests and Newlands - Skyrim Realistic Conquering	Skyrim Realistic Conquering - Snozz Robbers Gorge
Quests and Newlands - Skyrim Realistic Conquering	Skyrim Realistic Conquering - Snozz Swindlers
Quests and Newlands - The Forgotten City	Dwemer Armor SE
Quests and Newlands - The Forgotten City	Forgotten City - Hidden Map Marker
Quests and Newlands - The Forgotten City	Forgotten City - Music Fixer
Quests and Newlands - The Forgotten City	The Forgotten City
Quests and Newlands - The Forgotten City	The Forgotten City - Good Ending Tweaks
Quests and Newlands - Tools of Kagrenac	Beyond Skyrim and Tools fo Kagrenac - Ayleid Ruins HD
Quests and Newlands - Tools of Kagrenac	The Tools of Kagrenac
Quests and Newlands - Tools of Kagrenac	The Tools of Kagrenac - Draugrs
Quests and Newlands - Tools of Kagrenac	The Tools of Kagrenac - EVG Animated Traversal
Quests and Newlands - Tools of Kagrenac	The Tools of Kagrenac - GDPR
Quests and Newlands - Unslaad	UNSLAAD - Anreme Add-On
Quests and Newlands - Unslaad	UNSLAAD - ElevenLabs Voiced
Quests and Newlands - Unslaad	Unslaad - Customized Object Lod For Unslaad SE
Quests and Newlands - Unslaad	Unslaad - Delayed Start
Quests and Newlands - Unslaad	Unslaad - NPC Overhaul
Quests and Newlands - Unslaad	Unslaad - True Directional Movement - Unslaad Boss Bars ini
Quests and Newlands - Unslaad	Unslaad - Unslaad Lift
Quests and Newlands - Unslaad	Unslaad - Weapons and Armors Retexture SE
Quests and Newlands - Unslaad	Unslaad - WorldSpaces Patches for Unslaad
Quests and Newlands - Unslaad	Unslaad SE
Quests and Newlands - Unslaad	Unslaad Voiced - English Addon SE
Quests and Newlands - Vanilla Expansions	A Lovely Letter Alternate Routes
Quests and Newlands - Vanilla Expansions	A new Debt Alternate Routes
Quests and Newlands - Vanilla Expansions	At Your Own Pace
Quests and Newlands - Vanilla Expansions	At Your Own Pace - College Quest Expansion Patch
Quests and Newlands - Vanilla Expansions	At Your Own Pace - College of Winterhold
Quests and Newlands - Vanilla Expansions	At Your Own Pace - Misc
Quests and Newlands - Vanilla Expansions	At Your Own Pace - Thane Overhaul
Quests and Newlands - Vanilla Expansions	Blood on the Ice Redux SE
Quests and Newlands - Vanilla Expansions	Blood on the Ice Redux SE - Update
Quests and Newlands - Vanilla Expansions	Buyable Golden Claw
Quests and Newlands - Vanilla Expansions	Caught Red Handed - Quest Expansion
Quests and Newlands - Vanilla Expansions	Caught Red Handed - Requiem
Quests and Newlands - Vanilla Expansions	Caught Red Handed - USSEP
Quests and Newlands - Vanilla Expansions	College of Winterhold - Quest Expansion
Quests and Newlands - Vanilla Expansions	Face Sculptor Expanded
Quests and Newlands - Vanilla Expansions	Favor Quests Separated
Quests and Newlands - Vanilla Expansions	Favor Quests Separated - Requiem
Quests and Newlands - Vanilla Expansions	Favor Quests Separated - USSEP
Quests and Newlands - Vanilla Expansions	Finding Velehk Sain
Quests and Newlands - Vanilla Expansions	Golden Claw - More Choices
Quests and Newlands - Vanilla Expansions	Harvest Your Blood for Septimus
Quests and Newlands - Vanilla Expansions	House of Horrors - Quest Expansion
Quests and Newlands - Vanilla Expansions	Immersive Dying Nurelion - The White Phial Quest
Quests and Newlands - Vanilla Expansions	Infiltration - Quest Expansion
Quests and Newlands - Vanilla Expansions	Innocence Lost - Quest Expansion
Quests and Newlands - Vanilla Expansions	Markarth Murder Prevention
Quests and Newlands - Vanilla Expansions	Mephala's Curse - Whispering Door Quest Addon
Quests and Newlands - Vanilla Expansions	Miscellaneous Quests are Favors
Quests and Newlands - Vanilla Expansions	Nilheim - Misc Quest Expansion
Quests and Newlands - Vanilla Expansions	Nilheim QE - USSEP patch
Quests and Newlands - Vanilla Expansions	Paarthurnax - Quest Expansion
Quests and Newlands - Vanilla Expansions	Penitus Oculatus
Quests and Newlands - Vanilla Expansions	Riverwood Trader Is A Mess
Quests and Newlands - Vanilla Expansions	Saadia - Time of Need - Just a Note
Quests and Newlands - Vanilla Expansions	Save the Icerunner - Lights Out Alternate Routes
Quests and Newlands - Vanilla Expansions	Seeking The Cure - A Rising At Dawn Quest Overhaul
Quests and Newlands - Vanilla Expansions	Seeking The Cure - Hotfic
Quests and Newlands - Vanilla Expansions	Silence is Golden
Quests and Newlands - Vanilla Expansions	Skyforge Immersion Addon
Quests and Newlands - Vanilla Expansions	Spooky Philter of the Phantom
Quests and Newlands - Vanilla Expansions	Storm the Thalmor Embassy
Quests and Newlands - Vanilla Expansions	The Cursed Tribe - Quest Expansion (TCTQE)
Quests and Newlands - Vanilla Expansions	The Forsworn Conspiracy - Quest Expansion
Quests and Newlands - Vanilla Expansions	The Heart of Dibella - Quest Expansion
Quests and Newlands - Vanilla Expansions	The Only Cure - Quest Expansion
Quests and Newlands - Vanilla Expansions	The Taste of Death - Quest Addon
Quests and Newlands - Vanilla Expansions	The Whispering Door - Quest Expansion
Quests and Newlands - Vanilla Expansions	Thieves Guild Alternative Endings
Quests and Newlands - Vanilla Expansions	Thieves Guild Requirements SE
Quests and Newlands - Vanilla Expansions	Ulfric and Elisif Wear the Jagged Crown
Quests and Newlands - Vanilla Expansions	Unmasking Sybille
Quests and Newlands - Vigilant	3D Coin Piles - SE by Xtudo - VIGILANT - JS - Lux
Quests and Newlands - Vigilant	HDT-SMP Paladin Melus Armor Patch from Vigilant
Quests and Newlands - Vigilant	HDT-SMP PaladinMelus Armor for CBBE 3BA
Quests and Newlands - Vigilant	Mara - My patches SE by Xtudo - VIGILANT
Quests and Newlands - Vigilant	Seasons for Vigilant
Quests and Newlands - Vigilant	VIGILANT - Anreme Add-On
Quests and Newlands - Vigilant	VIGILANT - English Translation SE (Voiced)
Quests and Newlands - Vigilant	VIGILANT - FLM WorldSpaces Patches
Quests and Newlands - Vigilant	VIGILANT - HiRes Pack
Quests and Newlands - Vigilant	VIGILANT - HiRes Pack - Landscape
Quests and Newlands - Vigilant	VIGILANT - JS Common Cages Patch
Quests and Newlands - Vigilant	VIGILANT - My patches by Xtudo SE - Footprints patch
Quests and Newlands - Vigilant	VIGILANT - My patches by Xtudo SE - Hi-poly Sand Runner Eggs
Quests and Newlands - Vigilant	VIGILANT - My patches by Xtudo SE - Molag Bal statue replacer
Quests and Newlands - Vigilant	VIGILANT - NPC Overhaul
Quests and Newlands - Vigilant	VIGILANT SE
Quests and Newlands - Vigilant	VIGILANT SE - Settings Loader
Quests and Newlands - Vigilant	VIGILANT Summoner's Armor Replacer
Quests and Newlands - Vigilant	VIGILANT Summoner's Armor Replacer - textures
Quests and Newlands - Vigilant	VIGILANT(missing lines) - ElevenLabs Voiced
Quests and Newlands - Vigilant	Vigialnt - Karura's Vigilant NPCs Refined
Quests and Newlands - Vigilant	Vigilant - Delayed Start
Quests and Newlands - Vigilant	Vigilant - Karura's NPCs Refined - No Hood Patch
Quests and Newlands - Vigilant	Vigilant Immersion Tweaks - All In One
Quests and Newlands - Vigilant	Vigilant SE - TrueHUD Boss Bar
Quests and Newlands - Wyrmstooth	Lux Via - Wyrmstooth Addon
Quests and Newlands - Wyrmstooth	Requiem - Wyrmstooth (Updated)
Quests and Newlands - Wyrmstooth	Seasons of Wyrmstooth - Unfrozen
Quests and Newlands - Wyrmstooth	Wymrstooth - Daedric Shrines
Quests and Newlands - Wyrmstooth	Wymrstooth - Diverse Chicken Coops
Quests and Newlands - Wyrmstooth	Wyrmstooth
Quests and Newlands - Wyrmstooth	Wyrmstooth - CBBE 3BA
Quests and Newlands - Wyrmstooth	Wyrmstooth - Dragonborn Compatibility Patch
Quests and Newlands - Wyrmstooth	Wyrmstooth - Icy Mesh Remaster - Tweak
Quests and Newlands - Wyrmstooth	Wyrmstooth - NAT.ENB Patch
Quests and Newlands - Wyrmstooth	Wyrmstooth - NPCs Refined
Quests and Newlands - Wyrmstooth	Wyrmstooth - Settings Loader
Quests and Newlands - Wyrmstooth	Wyrmstooth - Skeleton Replacer HD
Quests and Newlands - Wyrmstooth	Wyrmstooth - Upscaled Textures
Quests and Newlands - Wyrmstooth	Wyrmstooth - alcohol redone
Quests and Newlands - nimwraith	A Friend in Mead - Quest Mod
Quests and Newlands - nimwraith	A Friend in Mead - Whispers of the Depths
Quests and Newlands - nimwraith	Above all Else - Lovecraft Inspired Quest
Quests and Newlands - nimwraith	Bark and Bite - Witcher Inspired Quest
Quests and Newlands - nimwraith	Before the End - Quest Mod
Quests and Newlands - nimwraith	Calling the Watchmaker - Lovecraftian Inspired Quest
Quests and Newlands - nimwraith	Depths of the Soul - Elden Ring Inspired Quest Mod
Quests and Newlands - nimwraith	Highpolyfication - Nimwraith's Quests
Quests and Newlands - nimwraith	It Came from Akavir - Quest Mod
Quests and Newlands - nimwraith	It came from Akavir - Ryn's Standing Stones
Quests and Newlands - nimwraith	Kanjs - Lunar Guard and Halberd Fix
Quests and Newlands - nimwraith	Lunar Guard Armor
Quests and Newlands - nimwraith	Lunar Guard Armor 3BA Bodyslide
Quests and Newlands - nimwraith	Lunar Guard Armor Integration
Quests and Newlands - nimwraith	Lunar Guard Armor for HIMBO
Quests and Newlands - nimwraith	Lunar Guard Arsenal - Battleaxe
Quests and Newlands - nimwraith	Once We Were Here - Quest Mod
Quests and Newlands - nimwraith	Pig Iron Set
Quests and Newlands - nimwraith	Pig Iron Set - Complex Material
Quests and Newlands - nimwraith	Pig Iron Set - Fixes
Quests and Newlands - nimwraith	Pig Iron Set - HIMBO Refit
Quests and Newlands - nimwraith	The Hunt for the Spectre - Elden Ring Inspired Quest
Quests and Newlands - nimwraith	Traveling Mage - CBBE 3BA
Quests and Newlands - nimwraith	Traveling Mage - HIMBO
Quests and Newlands - nimwraith	Traveling Mage Armor Integrated
Quests and Newlands - nimwraith	Traveling Mage Cloth
Quests and Newlands - nimwraith	Ultra Enemy - Good Death
Quests and Newlands - nimwraith	War's Folly - Quest Mod
Quests and Newlands - nimwraith	Whispers of the Depths - Quest Mod
