"id","eventClass","deity_or_race","tier","expected_toast","expected_chronicle","expected_ledger","expected_timing","emit_site_hint","notes"
"tier.seeker","tier","ALL","Seeker","Y","Y","N","immediate","PDV__ManagerQuest.psc:7553 RecomputeTier - SendPrismaEventToast(""tier"",...) + SurfaceTransition(""tier"", deity.DeityName+"" ""+GetPublicTierBand(newTier), ""reach"", deity.DeityIndex, """", false, false)","Universal Seeker advance for every patron-capable deity. NotifyTierUp per-(deity,tier) one-shot guard prevents dupes. SurfaceTransition routes to AppendBookOfDaysEntry (non-pinned for Seeker). Tier is a derived threshold, not an AwardPiety call, so ledger=N by rubric. RUBRIC-CONSISTENT."
"tier.devoted","tier","ALL","Devoted","Y","Y","N","immediate","PDV__ManagerQuest.psc:7553 RecomputeTier - SendPrismaEventToast(""tier"",...) + SurfaceTransition(""tier"", deity.DeityName+"" ""+GetPublicTierBand(newTier), ""reach"", deity.DeityIndex, """", false, false)","Universal Devoted advance, same mechanics as Seeker, non-pinned chronicle. No piety move at tier-up, ledger=N."
"tier.champion","tier","ALL","Champion","Y","Y","N","immediate","PDV__ManagerQuest.psc:7553 RecomputeTier - SendPrismaEventToast(""tier"",...) + SurfaceTransition(""tier"",...,false,true) [headline=true at 7555 -> pinned chronicle]","Universal Champion advance: headline=true -> AppendBookOfDaysEntry pinned so it survives the day-window prune. No piety move, ledger=N."
"tier.champion.race-reward-sync","tier","ALL","Champion","Y","Y","N","immediate","PDV__ManagerQuest.psc:11240 MaybeShowChampionRewardPresentation - SendPrismaEventToast(""tier"",...) + SurfaceTransition(""tier"",...,false,true) pinned","DISTINCT emit site from the universal path: invoked from per-race SyncRaceReward* (Altmer ~9840, Bosmer ~9908, Breton ~10015, Dunmer ~10185, Orc ~10268, Redguard ~10363, Nord ~10597, Imperial ~10838) when hadChampionSpell flips false->true. Shares NotifyTierUp guard so fires only if universal path hasn't. This is the live Champion surface for race patron beats. Kept separate because verifier must find this callsite. Kyne adds an ambient storm notification at 11243 (ShowNordNotification) + has an UNFIRED PDV_Msg_Nord_Kyne_ChampionEntry (declared line 469, no .Show() anywhere) - chronicle/toast covered by this row but the bespoke Kyne entry message is a GAP."
"tier.champion.khajiit-emphasis","tier","Khajiit","Champion","Y","Y","N","immediate","PDV__ManagerQuest.psc:10635 SyncKhajiitRewardFamily - SendPrismaEventToast(""tier"", deity,...) + SurfaceTransition(""tier"", deity.DeityName, ""reach"", deity.DeityIndex, """") [headline=false default]","DISTINCT Khajiit Champion path (Khenarthi/BaanDar/Rajhin/Alkosh/Azura). surfaceKey is bare DeityName, headline=false -> chronicle entry NOT pinned, unlike universal/race-sync paths. GAP: Khajiit Champion chronicle is prunable where every other race's is pinned. Toast+chronicle still emit so Y/Y."
"tier.redguard.sect-champion-entry","tier","Redguard","Devoted","Y","Y","N","immediate","PDV__ManagerQuest.psc:6760-6770 MaybeShowRedguardChampionEntry - PDV_Msg_Redguard_ChampionEntry_{Crown|Forebear|AshAbah}.Show() via ShowRedguardMessage(); gated on sect confirmed AND GetTier(anchor) >= TIER_DEVOTED","MERGED Crown/Forebear/AshAbah sect-entry bespoke popups (one row per rubric: same eventClass+race; Crown+AshAbah anchor Tu'whacca, Forebear anchors HoonDing). Fires as a vanilla blocking Message.Show() modal = the toast surface (toast=Y for the modal). RUBRIC FIX: finders set chronicle=N because there is no AppendBookOfDaysEntry in this path - that is a GAP, not the design intent. Per rubric this is a Devoted/Champion-entry milestone the player should notice, so expected_chronicle=Y (design-intent); note current emit has NO chronicle. One-shot via PDV.Redguard.ChampionEntryShown.<sect>."
"prepact.watching","prepact","ALL","n/a","N","Y","Y","immediate","PDV__ManagerQuest.psc:2867 AppendBookOfDaysEntry(""The world tilts toward ..."", tone=daedric.pressure) via ProcessPendingDaedricPrePactNotices; GetDashboardJson:1949-1951 appends 'watching' row via AppendDashboardGod","Pre-pact Prince 'takes notice' once-fire when piety crosses 50% of Seeker while tier==NONE and no active pact. PrePactNoticeShown flag prevents re-fire. Toast intentionally silent (quiet/ambient) = N per rubric. Chronicle once-fire = Y. Ledger=Y: watching dashboard row + driver ring from the triggering piety signals (RecordDaedricPathDriver fires on the signal's own AdjustStoredPiety, not on the notice itself). RUBRIC-CONSISTENT with the pre-pact-watching clause."
"daedric.milestone.seeker","daedric","ALL","Seeker","Y","Y","Y","immediate","PDV__ManagerQuest.psc:12953 SendPrismaDaedricMilestoneToast + :12961 AppendBookOfDaysEntry tone=tier.reach; ShowDaedricMilestonePresentation called from HandleDaedricPrinceSignal:2580; ledger via the SetStoredPiety->RecordDaedricPathDriver (PDV_DaedricPathBase.psc:349) that crossed the threshold","Fires via ShowDaedricMilestonePresentation when newTier>oldTier and >=TIER_SEEKER (also from HandleHircineHuntRite:6945). Toast carries boon/price/flavor text. Chronicle copy marked PLACEHOLDER. All three surfaces live."
"daedric.milestone.devoted","daedric","ALL","Devoted","Y","Y","Y","immediate","PDV__ManagerQuest.psc:12953 SendPrismaDaedricMilestoneToast + :12961 AppendBookOfDaysEntry tone=tier.reach; PDV_DaedricPathBase.psc:349 RecordDaedricPathDriver","Same ShowDaedricMilestonePresentation path at Devoted threshold. Boon/price upgrade via SyncPatronBoonsToTier + SyncDaedricContractToTier. PLACEHOLDER chronicle copy. All three surfaces live."
"daedric.milestone.champion","daedric","ALL","Champion","Y","Y","Y","immediate","PDV__ManagerQuest.psc:12933-12940 replayChampionOffer -> ShowTierEntryMessage (Msg_ChampionEntry blocking MESG Accept/Decline); :12953 SendPrismaDaedricMilestoneToast; :12961 AppendBookOfDaysEntry pinned=true; PDV_DaedricPathBase.psc:349 RecordDaedricPathDriver","At Champion the authored blocking MESG offers Accept/Decline + Prisma milestone toast + pinned chronicle. MCM-debug path defers via QueueDaedricMilestoneMcmReplay->ProcessPendingDaedricMilestone to avoid a blocking MESG while MCM open. PLACEHOLDER chronicle copy. All three surfaces live."
"daedric.shrine-prayer","signal","ALL","n/a","Y","Y","Y","immediate","PDV__ManagerQuest.psc:2638 Debug.Notification + :2639 SendPrismaDaedricToast(phase=""prayer"") + :2640 AppendBookOfDaysEntry(title=""Shrine prayer answered""); :2636 path.AdjustStoredPiety(2.0, sourceId) -> RecordDaedricPathDriver","Daily casual Daedric shrine prayer +2 piety. ARR runtime smoke 2026-06-25 passed the top-left Debug.Notification and Book of Days Chronicle entry. Prisma overlay toast did NOT appear in that runtime smoke despite the SendPrismaDaedricToast callsite; keep expected_toast=Y as the design intent and track the missing overlay as deferred Prisma parity work. Ledger=Y via RecordDaedricPathDriver. If it crosses a tier threshold, daedric.milestone.* fires separately."
"daedric.curated-signal","signal","ALL","n/a","N","N","Y","immediate","PDV__ManagerQuest.psc:2555 path.AdjustStoredPiety(10.0, sourceId) -> PDV_DaedricPathBase.psc:349 RecordDaedricPathDriver inside HandleDaedricPrinceSignal","Sub-threshold curated/live Daedric signal +10 piety, records driver every time. No toast/chronicle at sub-threshold (player fiction deferred to tier-entry beats). Ledger=Y. Crossing a threshold fires the milestone row separately. Hircine hunt rite also flows here via RecordHuntRiteScaled."
"daedric.commitment-gate","daedric","ALL","n/a","Y","N","N","immediate","PDV_DaedricPathBase.psc:243-244 AddCommitmentSignal -> ShowCommitmentBeat() when newCount==CommitmentSignalsRequired; e.g. PDV_DaedricPath_Namira.psc:105 shows Msg_Commitment","Third commitment signal opens the gate via authored blocking Msg_Commitment MESG (= the toast surface). Pure narrative gate-open: no piety move and no chronicle at this site (the piety that crossed the gate belongs to daedric.curated-signal). Toast=Y (blocking MESG), chronicle=N, ledger=N."
"daedric.lapse","daedric","ALL","n/a","Y","Y","Y","immediate","PDV__ManagerQuest.psc:2814 SendPrismaEventToast(""neglect"", path,...) + :2815 AppendBookOfDaysEntry tone=neglect.drop symbol=daedric; ledger via the SetStoredPiety(0.0) that caused the tier drop (PDV_DaedricPathBase.psc:349). SurfaceDaedricLapse from ProcessPendingDaedricLapse:2834","Active pact falls to tier NONE (decay to 0). Toast + direct chronicle (neglect.drop) + Debug.Notification. Ledger via RecordDaedricPathDriver on the zeroing SetStoredPiety. PLACEHOLDER chronicle copy. EDGE GAP: RecordDaedricPathDriver only writes when delta!=0 (PDV_DaedricPathBase.psc:348); if piety was already exactly 0 the ledger write is skipped. NOTE: same emit site as neglect.drop.daedric-pact - this is the canonical row for the Daedric lapse beat."
"daedric.champion-decline","daedric","ALL","Devoted","N","N","Y","immediate","PDV_DaedricPathBase.psc:173 SetStoredPiety(fallbackPiety, 'champion_decline_' + reason) -> RecordDaedricPathDriver; DeclineChampionOffer from HandleChampionOfferResult","Declining the Champion offer reverts piety to Devoted threshold-1, recording a driver (ledger=Y). No toast (re-surfacing the reversion would confuse) and no chronicle. The Msg_ChampionEntry MESG was the last surface the player saw. RUBRIC-CONSISTENT (piety move -> ledger=Y; pure non-milestone reversion -> toast/chronicle=N)."
"reorientation.daedric.pact-severance","reorientation","ALL","n/a","Y","Y","N","immediate","PDV__ManagerQuest.psc:2798 SurfaceSwitchSeverance -> :2803 SendPrismaEventToast('shift',...) + :2804 AppendBookOfDaysEntry tone=reorientation pinned=true; called for patron_to_prince (:2893) and prince_to_patron (:2949)","MERGED patron->prince and prince->patron severance (same emit function SurfaceSwitchSeverance, same surfaces). Toast + pinned chronicle + Debug.Notification fallback. No piety delta at the severance site -> ledger=N. PLACEHOLDER copy. RUBRIC-CONSISTENT (reorientation, but this beat is immediate severance not a dawn snapshot diff, hence timing=immediate)."
"reorientation.daedric.pact-activation-new","reorientation","ALL","n/a","Y","Y","N","immediate","PDV__ManagerQuest.psc:2896 AppendBookOfDaysEntry(path.DeityName + ' claims your devotion.', tone=reorientation, symbol=daedric, pinned=true) in ProcessPendingDaedricActivation when no prior patron","New first-pact activation with no prior patron: pinned chronicle 'X claims your devotion.'. HasRecentDaedricMilestoneJournal guard prevents duplicate when a tier milestone already wrote a journal line. GAP: current emit is chronicle-ONLY here (no SendPrismaEventToast on the pure first-pact path) - the milestone toast usually already covered it, but per rubric a pact-activation is a milestone the player should notice, so expected_toast=Y (design-intent); note the toast emit is missing on this specific branch. Ledger=N (no piety delta at activation)."
"reorientation.daedric.pact-migration-resolve","reorientation","ALL","n/a","Y","Y","N","immediate","PDV__ManagerQuest.psc:7835 AppendBookOfDaysEntry('Your devotion has resolved to...', reorientation, journal) + Debug.Notification only, in MigrateDaedricPactVersion","Pact-migration conflict resolution (edge case, not a normal play path). Chronicle fires; only Debug.Notification surfaces (no Prisma toast). RUBRIC FIX: finder set toast=N; per rubric this is a reorientation milestone, so expected_toast=Y (design-intent), note current emit is Debug.Notification only. Ledger=N."
"daedric.hircine.stigma-price","daedric","Hircine","n/a","Y","N","N","immediate","PDV__ManagerQuest.psc:6958-6960 MaybeEmitHircineStigmaPrice -> SendPrismaDaedricToast('Hircine','price',...,'hircine') from HandleHircineHuntRite:6946","Hircine stigma price toast when stigma crosses 3.0 (stirring) / 6.0 (heavy) during a hunt rite. Toast=Y. No chronicle and no ledger (stigma tracked in StigmaGlobal/StorageUtil, not RecordDaedricPathDriver). GAP: a meaningful cost-threshold crossing has no chronicle."
"daedric.hircine.curse-entry","daedric","Hircine","n/a","Y","Y","N","immediate","PDV_DaedricPath_Hircine.psc:144 ShowRaceResponseForPlayer() -> ShowIfPresent(Msg_Response_<Race>) in HandleCurseTransition when oldState!=CURSE_WEREWOLF && newState==CURSE_WEREWOLF","Player becomes werewolf with Hircine on path: race-specific Msg_Response_<Race> MESG = toast surface. GAP: no AppendBookOfDaysEntry and no RecordDaedricPathDriver at this site. RUBRIC FIX: finder set chronicle=N; curse-onset is a moment the player should notice, so expected_chronicle=Y (design-intent), note current emit has none. Ledger=N (curse entry itself has no piety delta; AddCommitmentSignal/stigma may feed a later piety move)."
"daedric.hircine.renunciation","daedric","Hircine","n/a","Y","Y","Y","immediate","PDV_DaedricPath_Hircine.psc:119 ShowIfPresent(Msg_Exit) + :116 SetStoredPiety(0.0,'renounce_'+reason) -> RecordDaedricPathDriver in RenouncePath","Renounce Hircine: Msg_Exit blocking MESG = toast surface; SetStoredPiety(0.0) records the drop (ledger=Y). GAP: no AppendBookOfDaysEntry for renunciation. RUBRIC FIX: finder set chronicle=N; renouncing a Prince is a milestone, so expected_chronicle=Y (design-intent), note current emit has no chronicle. RenouncePath calls SetStoredPiety directly and may bypass the SurfaceDaedricLapse breadcrumb (ClearLiveDaedricPactSpells already ran). BeginNordResidueRecovery has no surface emit."
"daedric.hircine.lapse-debug","daedric","Hircine","n/a","Y","N","N","immediate","PDV__ManagerQuest.psc:12090 SendPrismaDaedricToast('Hircine','lapse','','hircine') in DebugRenounceHircinePath only","DEBUG-ONLY MCM path that manually fires a lapse toast, distinct emit site from the organic daedric.lapse route (verifier must find it separately). No chronicle/ledger at this callsite; the preceding RenouncePath covers the piety zero. Kept as a distinct row because the emit site is unique."
"daedric.hircine.residue","daedric","Hircine","n/a","Y","N","N","immediate","PDV_DaedricPath_Hircine.psc:168 BeginNordResidueRecovery sets StorageUtil keys with no Prisma emit. PDV__ManagerQuest.psc:12119/:12597/:13396 call UpdateResidueRecovery() which silently clears residue with no emit either. SendPrismaDaedricToast is defined with phase=""residue"" support (:12818) and app.js:671 maps daedric_residue->daedric; :833/:844/:856/:866 fully render it. Gap: BeginNordResidueRecovery(:168) should call SendPrismaDaedricToast(""Hircine"", ""residue"", ...) at onset; UpdateResidueRecovery(:164) should emit a fade-clear.","Renderer is fully built for residue display (app.js:833-866, :2098 test fixture daedric_residue). The existing registry row marks N/N/N as 'design ambiguous' but renderer support is concrete evidence the beat was intended to surface. Revises that row's expected_toast from N to Y. expected_ledger=N (residue is a transient state indicator, no piety delta). expected_chronicle=N (not a milestone). The onset emit at BeginNordResidueRecovery is the primary missing callsite; the fade-clear at UpdateResidueRecovery(:164) is a secondary gap."
"reorientation.redguard.sect","reorientation","Redguard","n/a","Y","Y","N","immediate","PDV__ManagerQuest.psc:6480 SendPrismaShiftToast(GetRedguardSectLabel(),'','sect') in ApplyRedguardSectSwitch + ShowRedguardSectEntry:6478 once-only notice; chronicle via EmitBookOfDaysStateChange:8566 dawn snapshot diff","MERGED Crown/Forebear/AshAbah sect switch (same emit path; Ash'abah gated on IsRedguardAshAbahBurden named-undead death-duty token). Toast + once-only entry fire immediately; chronicle captured at next dawn via snapshot diff (no direct per-switch AppendBookOfDaysEntry). Per the reorientation rubric, timing for the snapshot-diff chronicle is dawn but the toast is immediate - timing=immediate marks the toast surface; chronicle noted as dawn snapshot."
"reorientation.bosmer.path","reorientation","Bosmer","n/a","Y","Y","N","immediate","PDV__ManagerQuest.psc:15952 SendPrismaShiftToast(GetBosmerPathLabel(),'',symbol) in ConfirmBosmerPathState; chronicle via EmitBookOfDaysStateChange:8566; Old Contract via EnterBosmerOldContract:15939","MERGED Living Story / Exchange (Zen) / Bandit Road (Baan Dar) / Old Contract (Green Pact) - all four confirm through the same SendPrismaShiftToast surface route. Toast immediate; chronicle at dawn via snapshot diff. Ledger=N at the path-shift surface (the confirm DOES award a curated signal - see emergence/signal slice - but the reorientation surface itself has no AwardPiety). GAP noted in emergence finder: no immediate AppendBookOfDaysEntry at ConfirmBosmerPathState, chronicle relies on dawn diff."
"reorientation.dunmer.ancestor-layer","reorientation","Dunmer","n/a","N","Y","N","dawn","PDV__ManagerQuest.psc:8566 EmitBookOfDaysStateChange; label via GetDunmerAncestorLayerLabel:17080; BuildModeChangeLine:8580 bespoke Dunmer line","Dunmer mode line = ancestor layer depth (quiet/beginning/steady/strong). NO SendPrismaShiftToast on layer change (substrate deepens gradually). Chronicle only when the label string changes at dawn -> toast=N, timing=dawn. Per-act substrate toasts (substrate.act.ancestor.dunmer) are a separate row. RUBRIC-CONSISTENT (mode/reorientation -> dawn snapshot; here even the toast is intentionally absent because it's gradual)."
"reorientation.orc.lifemode","reorientation","Orc","n/a","Y","Y","N","immediate","PDV__ManagerQuest.psc:5853 SendPrismaShiftToast(GetOrcLifeModeLabel(),'','malacath') in ApplyOrcLifeModeSwitch; chronicle via EmitBookOfDaysStateChange:8566","MERGED Stronghold/City/Legion-Exile life modes (same ApplyOrcLifeModeSwitch surface; MaybeShowOrcWatchersNotice companion notice; Legion-Exit also emits Malacath broken-faith signal EmitMalacathBrokenFaithKinMinus:5849 = separate signal beat). Toast immediate, chronicle at dawn snapshot diff. GAP: the 14-day lapse-to-City path at :5904 calls PDV_OrcLifeModeTrack.SetState directly (NOT ApplyOrcLifeModeSwitch) so lapse-to-City has NO toast. Also no AppendBookOfDaysEntry at the switch site (emergence finder) - chronicle relies on dawn diff."
"reorientation.khajiit.focus","reorientation","Khajiit","n/a","Y","Y","N","immediate","PDV__ManagerQuest.psc:6881 SetKhajiitFocusedEmphasis -> SendPrismaShiftToast(GetKhajiitFocusLabel, GetKhajiitFocusShiftText, GetKhajiitFocusSymbol) (old!=new guard at 6879); GetPlayerMcmModeLine returns focus label -> chronicle via EmitBookOfDaysStateChange:8566; BuildModeChangeLine:8582 bespoke","Khajiit focused emphasis (Khenarthi/Azurah/BaanDar/Rajhin/Alkosh/None). Toast immediate on any focus change; chronicle at dawn snapshot diff since the focus label feeds GetPlayerMcmModeLine. EvaluateKhajiitFocusedEmphasis runs at dawn. GAP (emergence finder): no immediate AppendBookOfDaysEntry at the focus-lock site, chronicle relies on dawn diff. Ledger=N (focus is a routing/weighting state, piety comes from underlying acts)."
"reorientation.khajiit.lunar-posture","reorientation","Khajiit","n/a","Y","Y","N","immediate","PDV__ManagerQuest.psc:5342 SendPrismaShiftToast(GetKhajiitLunarPostureDisplayLabelAt(newPosture),...,'lunar') in RefreshKhajiitLunarPosture; ShadowDrift also ShowKhajiitMessage:5339 modal; ApplyKhajiitCurseStateChange:5447","Khajiit lunar posture (Normal/Strained/Corrupted/ShadowDrift), curse-driven. Toast immediate on change; ShadowDrift adds a modal. GAP: GetPlayerMcmModeLine returns the focus label NOT lunar posture, so posture changes do NOT appear in the dawn snapshot diff -> currently NO chronicle. RUBRIC FIX: finder set chronicle=N; per rubric a curse-adjacent posture shift (esp. Corrupted/ShadowDrift) is noticeable, so expected_chronicle=Y (design-intent), note the chronicle emit is missing. Ledger=N (posture is a debuff track, not a piety act)."
"reorientation.imperial.concordat","reorientation","Imperial","n/a","N","Y","N","dawn","PDV__ManagerQuest.psc:8699 PDV_ConcordatStandingTrack.RefreshState() at dawn; GetImperialConcordatLabel:17174 feeds GetPlayerMcmModeLine; chronicle via EmitBookOfDaysStateChange:8566","Concordat Standing (PDV_ReputationTrack -100..+100, 5 bands) refreshes label at dawn. NO SendPrismaShiftToast on band transition -> toast=N, timing=dawn. Chronicle when label changes in dawn snapshot diff. Per memory: raw value moves immediately but committed band LABEL lags via lock-in grace, so prove emitters via the raw trace value not the band label."
"reorientation.altmer.crisis-state","reorientation","Altmer","n/a","Y","Y","N","dawn","PDV__ManagerQuest.psc:7404 SetAltmerCrisisState (no SendPrismaShiftToast); GetAltmerCrisisStateLabel:7422 feeds GetPlayerMcmModeLine; chronicle via EmitBookOfDaysStateChange:8566; BuildModeChangeLine:8584 bespoke","Altmer crisis state (None/Dissonant/Questioning/Reasserting/Scarred-Resolved) set immediately on Lorkhan pressure but has NO toast in SetAltmerCrisisState. Chronicle fires at dawn snapshot diff when label changes. GAP: no immediate toast for a significant identity crisis transition. RUBRIC FIX: finder set toast=N; an identity-crisis transition is a noticeable reorientation milestone, so expected_toast=Y (design-intent), note the toast emit is missing. Ledger=N."
"reorientation.altmer.thalmor-alignment","reorientation","Altmer","n/a","Y","Y","N","dawn","PDV__ManagerQuest.psc:7097 PDV_ThalmorAlignmentTrack.Adjust() - NO downstream snapshot path; GetPlayerMcmModeLine returns GetAltmerCrisisStateLabel (crisis), NOT the alignment band","GAP: Altmer Thalmor Alignment is a distinct second axis (PDV_ThalmorAlignmentTrack, -100..+100 Concordat mirror) but GetPlayerMcmModeLine returns the CRISIS label, not the alignment band, so band transitions are captured by NEITHER the dawn snapshot diff NOR any SendPrismaShiftToast - invisible to both surfaces today. RUBRIC FIX: finder set toast=N/chronicle=N; this is a real reorientation axis that SHOULD surface, so expected_toast=Y, expected_chronicle=Y (design-intent), with the note that both emits are entirely missing. Ledger=N. Highest-severity surfacing gap in the Altmer slice."
"reorientation.breton.tradition","reorientation","Breton","n/a","Y","Y","N","immediate","PDV__ManagerQuest.psc:13980 ApplyBretonInitialChoice / 14030 HandleBretonTraditionChoice - NO SendPrismaShiftToast, NO AppendBookOfDaysEntry; tradition stored via PDV.Breton.Tradition; GetBretonTraditionLabel:16959 feeds GetPlayerMcmModeLine; BuildModeChangeLine:8588 bespoke","MERGED reorientation.breton.tradition + emergence.breton.tradition-lock (same beat). Tradition (Knight's Road/Hidden Art/Green Way) is an irreversible startup choice setting the entire path archetype - a major diegetic moment. COMPLETE SURFACE GAP at the choice site: no toast and no immediate chronicle; only the dawn snapshot diff eventually records it. RUBRIC FIX: finder reorientation row had toast=N; per rubric this is a milestone the player should notice, so expected_toast=Y, expected_chronicle=Y (design-intent), note both immediate emits are missing - wire SendPrismaShiftToast + pinned AppendBookOfDaysEntry in ApplyBretonInitialChoice. Ledger=N."
"reorientation.breton.druidic-fork","reorientation","Breton","n/a","Y","Y","N","dawn","PDV__ManagerQuest.psc:10036 SetBretonDruidicFork - NO SendPrismaShiftToast; fork label NOT in GetPlayerMcmModeLine (returns GetBretonTraditionLabel only)","GAP: Breton druidic fork (None/Druidic/Werewolf/Betrayed), a Green Way sub-state, has no toast emit and the fork label is NOT surfaced via GetPlayerMcmModeLine, so fork transitions are invisible to both toast and chronicle (no AppendBookOfDaysEntry either). RUBRIC FIX: finder set toast=N/chronicle=N; per rubric these are reorientation transitions that should surface, so expected_toast=Y, expected_chronicle=Y (design-intent), note both emits missing. Ledger=N."
"reorientation.argonian.hist-posture","reorientation","Argonian","n/a","Y","Y","N","immediate","PDV__ManagerQuest.psc:5594 SendPrismaShiftToast(GetArgonianHistPostureLabel(),'','hist') in RefreshArgonianHistPosture; GetPlayerMcmModeLine returns 'Hist '+posture -> chronicle via EmitBookOfDaysStateChange:8566","MERGED reorientation.argonian.hist-posture + emergence.argonian.hist-posture-shift (same beat). Hist posture (Normal/Distant/Strained/Silenced/Corrupted): toast immediate on change; chronicle at dawn snapshot diff since the posture label feeds GetPlayerMcmModeLine. Corrupted/Distant additionally emit piety-loss signals (EmitHistCorruptionMinus/EmitHistAbandonmentMinus = separate signal beats). GAP (emergence finder): no immediate AppendBookOfDaysEntry, chronicle relies on dawn diff. Ledger=N at the posture-shift surface."
"reorientation.nord.devotion-mode","reorientation","Nord","n/a","N","Y","N","dawn","PDV__ManagerQuest.psc:8566 EmitBookOfDaysStateChange; GetNordDevotionModeLabel:16399 (Focused <Deity>/Broad Old Ways/Broad Nine Divines/Unsettled/Vampire rupture); BuildModeChangeLine:8578 bespoke","Nord devotion mode (patron commit/release, baseline shift, vampire onset) feeds GetPlayerMcmModeLine. NO SendPrismaShiftToast for mode changes -> toast=N, timing=dawn snapshot diff. Patron tier-up (tier.*) and curse (curse.*) toasts are separate beats. RUBRIC-CONSISTENT (mode change -> dawn snapshot, toast intentionally absent for the broad-mode roll-up)."
"offer.accept.nord","offer","Nord","n/a","Y","Y","N","immediate","PDV__ManagerQuest.psc:12256 DebugAcceptPendingCommitment() - calls SetActiveDeity but NO SendPrismaEventToast/SurfaceTransition/AppendBookOfDaysEntry at this site","Commitment-offer ACCEPT. SetActiveDeity changes _activeDeity but no toast/chronicle at accept-time; the dawn reorientation snapshot diff catches the mode change next dawn, but an immediate personal beat ('You have given your devotion to X') is MISSING. RUBRIC: offer accept is a milestone the player should notice -> expected_toast=Y, expected_chronicle=Y (design-intent), timing=immediate; note both emits are missing - wire at this callsite. Ledger=N (no new AwardPiety; carryover piety already in StorageUtil). Covers all Nord-eligible deities; other races' formal-offer paths are design-intent, only Nord is wired (UsesFormalCommitmentOffersForDeity delegates to IsNordOfferEligibleDeity)."
"offer.present.nord","offer","Nord","n/a","Y","N","N","immediate","PDV__ManagerQuest.psc:12208 ShowFormalCommitmentOffer() - offerMessage.Show() blocking MESG IS the surface; no SendPrismaEventToast/SurfaceTransition/AppendBookOfDaysEntry","Offer PRESENT phase: the blocking MESG popup IS the toast surface (toast=Y for the MESG). Chronicle intentionally deferred to the accept beat (chronicle=N here). Ledger=N (no piety move). Covers all Nord-eligible deities (Kyne/Shor/Tsun/Stuhn/Akatosh/Mara/Arkay/Stendarr/Zenithar/Julianos/Dibella/Talos/Kynareth). Bosmer suggestion-popup (HandleBosmerSuggestionPopup:15888, SendPrismaToast on accept/refuse) is the Bosmer analogue, surfaced under reorientation.bosmer.path + signal slices."
"offer.decline.nord","offer","Nord","n/a","N","N","N","immediate","PDV__ManagerQuest.psc:12385 DebugDeclinePendingCommitment() - only ApplyCommitmentDeclineCooldown + ClearPendingCommitment; no surface emit","Low-stakes 'not now' deferral. Player already saw the offer MESG; cooldown silently applied. No surface expected by rubric (not a milestone) -> N/N/N. RUBRIC-CONSISTENT."
"offer.refuse.nord","offer","Nord","n/a","Y","Y","N","immediate","PDV__ManagerQuest.psc:12396 DebugRefusePendingCommitment() - only ApplyCommitmentRefuseCooldown + sets PDV.Commitment.Rupture=1; no surface emit","Refuse = permanent rejection (sets Rupture flag), a meaningful character beat (actively closing a door). GAP: NO surface emitted today. RUBRIC: milestone the player should notice -> expected_toast=Y, expected_chronicle=Y (pinned, design-intent), timing=immediate; note both emits missing - wire SurfaceTransition('offer','<deity> refused','refuse') + pinned AppendBookOfDaysEntry. Ledger=N."
"curse.onset","curse","ALL","n/a","Y","Y","N","immediate","PDV__ManagerQuest.psc:12608 SendPrismaCurseToast(0,newState) + :12627 SurfaceTransition(""curse"",<werewolf|vampire>,""onset"",-1,""dread"") inside SurfaceCurseTransitionDiegetic via HandleCurseStateTransition","MERGED werewolf + vampire onset (same emit path; curseRef==2 selects symbol curse-vampire, else curse-werewolf). Both SendPrismaCurseToast (direct overlay JSON via PDV_PrismaBridge.SendOverlayJson) and SurfaceTransition fire; SurfaceTransition routes to AppendBookOfDaysEntry:1762 so chronicle is wired. No AwardPiety -> ledger=N. Race-specific context phrase via GetCurseContextForRace. RUBRIC-CONSISTENT."
"curse.cure","curse","ALL","n/a","Y","Y","N","immediate","PDV__ManagerQuest.psc:12627 SurfaceTransition(""curse"",<werewolf|vampire>,""cure"",-1,""release"") + :12608 SendPrismaCurseToast(oldState,0) via HandleCurseStateTransition","MERGED werewolf + vampire cure. Tone=release; curseRef falls back to oldState for the surface key. Chronicle via SurfaceTransition. No piety delta -> ledger=N."
"curse.shift","curse","ALL","n/a","Y","Y","N","immediate","PDV__ManagerQuest.psc:12627 SurfaceTransition(""curse"",<curseKey>,""shift"",-1,""dread"") + :12608 SendPrismaCurseToast(oldState,newState) where oldState!=0 && newState!=0 via HandleCurseStateTransition","Werewolf<->vampire cross-shift (rare). GetCurseSurfaceKey uses incoming newState for the key. Chronicle via SurfaceTransition. Fully wired. Ledger=N."
"neglect.drop.patron","neglect","ALL","n/a","Y","Y","N","dawn","PDV__ManagerQuest.psc:8805 SendPrismaEventToast(""neglect"",_activeDeity,...) + :8806 SurfaceTransition(""neglect"",_activeDeity.DeityName,""drop"",_activeDeity.DeityIndex,""absence"") + :8809 Debug.Notification inside RunDawnApplySpellAndNeglectLayers","Patron neglect drop fires at dawn consolidation when PatronToastState flips 0->1 (first-lapse guard). SurfaceTransition routes to AppendBookOfDaysEntry. Debug.Notification = vanilla top-left fallback. Neglect spell is a gameplay debuff not a piety move -> ledger=N. timing=dawn (runs inside RunDawnApplySpellAndNeglectLayers). RUBRIC-CONSISTENT."
"neglect.recover.patron","neglect","ALL","n/a","Y","Y","N","dawn","SHOULD EMIT but NO SurfaceTransition(""neglect"",...,""recover"",...) call found. Recover direction exists in tone tables (1802 TransitionJournalLine, 15234 JournalToneToTitle, 15268 JournalToneToValence) but is never fired. Nearest site: PatronToastState reset at :8811","GAP: neglect recovery (patron returns to piety activity, neglect clears) has NO surface emit. PatronToastState resets to 0 at :8811 when neglect clears but there is no SurfaceTransition/AppendBookOfDaysEntry/toast for the recover direction. Journal tone tables at 1802/15234 define 'neglect.recover' copy -> it was DESIGNED. expected_toast=Y, expected_chronicle=Y (design-intent), timing=dawn; note: wire SurfaceTransition(""neglect"",deityName,""recover"",...) at the neglect-clear path. Ledger=N (recovery is not a piety award)."
"rite.orc.trial-of-iron","rite","Orc","n/a","Y","Y","Y","immediate","PDV__ManagerQuest.psc:3242 ApplyOrcTrialOfIron - AwardPiety(PDV_Malacath,0.5,""Took up the Trial of Iron"") [ledger] + :3243 AppendBookOfDaysEntry(...,""substrate.act"",""malacath"",False) [chronicle] + :3244 Debug.Notification [vanilla only]","MERGED rite.orc.trial-of-iron + substrate.act.orc-trial-of-iron (same emit site). 6f rite. Chronicle + ledger (AwardPiety->RecordDeityDriver) correctly wired. TOAST GAP: only Debug.Notification fires, no SendPrismaEventToast/SurfaceTransition. RUBRIC: a rite beat should have a Prisma overlay toast -> expected_toast=Y (design-intent), note current emit is Debug.Notification only. 7-day cooldown anti-farm cap."
"rite.redguard.remembering-of-names","rite","Redguard","n/a","Y","Y","Y","immediate","PDV__ManagerQuest.psc:3392 ApplyRedguardRemembering - AwardPiety(PDV_Tuwhacca,0.5,""Took up the Remembering of Names"") [ledger] + :3393 AppendBookOfDaysEntry(...,""substrate.act"",""tu-whacca"",False) [chronicle] + :3394 Debug.Notification [vanilla only]","MERGED rite + substrate.act (same site). 6f rite. Chronicle + ledger wired. TOAST GAP: Debug.Notification only, no Prisma overlay -> expected_toast=Y (design-intent), note missing Prisma toast. 7-day cooldown anti-farm cap."
"rite.altmer.discipline-of-return","rite","Altmer","n/a","Y","Y","Y","immediate","PDV__ManagerQuest.psc:3501 ApplyAltmerDiscipline - AwardPiety(PDV_AuriEl,0.5,""Set a Discipline of Return"") [ledger] + :3502 AppendBookOfDaysEntry(...,""substrate.act"",""auri-el"",False) [chronicle] + :3503 Debug.Notification [vanilla only]","MERGED rite + substrate.act (same site). 6f rite. Chronicle + ledger wired. TOAST GAP: Debug.Notification only -> expected_toast=Y (design-intent), note missing Prisma toast. 7-day cooldown anti-farm cap."
"rite.argonian.hist-adaptation","rite","Argonian","n/a","Y","Y","N","immediate","PDV__ManagerQuest.psc:3825 ApplyArgonianAdaptation - only playerRef.AddSpell + Debug.Notification; NO AwardPiety, NO AppendBookOfDaysEntry, NO SendPrismaEventToast","Significant GAP: the Hist Adaptation rite (permanent body-reshaping choice) emits ONLY Debug.Notification. expected_ledger=N (the rite is a permanent transformation, not a piety signal). But per rubric a milestone the player should notice -> expected_toast=Y, expected_chronicle=Y (pinned, design-intent), note: wire SendPrismaEventToast/SurfaceTransition + pinned AppendBookOfDaysEntry at ApplyArgonianAdaptation. TryArgonianAdaptationRite guard already enforces once-permanent gating."
"emergence.bosmer.path-confirm","emergence","Bosmer","n/a","Y","Y","Y","immediate","PDV__ManagerQuest.psc:15952 ConfirmBosmerPendingTransition - SendPrismaShiftToast [toast] + AwardCuratedSignal for Living Story/Exchange/Bandit Road [ledger via AwardPiety->RecordDeityDriver]; NO AppendBookOfDaysEntry at confirm site; suggestion popup at HandleBosmerSuggestionPopup:15888 fires SendPrismaToast on accept/refuse","DISTINCT from reorientation.bosmer.path because it carries a piety move (ledger=Y) where the bare path-shift surface does not. Toast wired (SendPrismaShiftToast); ledger wired (AwardCuratedSignal which DOES pass a reason -> RecordDeityDriver fires). CHRONICLE GAP: no AppendBookOfDaysEntry at ConfirmBosmerPendingTransition; dawn snapshot diff catches the mode change but per rubric a path-confirmation milestone wants an immediate pinned entry -> expected_chronicle=Y (design-intent), note missing immediate emit. Old Contract routes to EnterBosmerOldContract separately."
"digest.dawn","digest","ALL","n/a","Y","Y","N","dawn","PDV__ManagerQuest.psc:8824-8825 SendPrismaEventToast(""dawn"", None,...) + :8554 AppendBookOfDaysEntry(BuildBookOfDaysDigestLine(), today, ""dawn.digest"", ""journal"", False) gated on _dawnHadActivity","MERGED digest.dawn.named-acts + favor.dawn-digest (same dawn pass). The dawn pass emits a ""dawn"" toast (no deity, signals day rollover) AND the digest chronicle naming up to 3 gods fed that day (+""among others""). Both gated on _dawnHadActivity (set at :8677 when any deity had net non-zero clamped piety). Ledger=N: the digest is a chronicle summary, individual drivers were recorded per-act at immediate timing. TodayFed built by RunDawnConsolidateScratch. NOTE on the finder split: one finder marked the digest chronicle as toast=N - corrected to Y because the dawn pass DOES emit a SendPrismaEventToast(""dawn"",...)."
"favor.active-patron","favor","ALL","n/a","Y","Y","Y","immediate","PDV__ManagerQuest.psc:9206-9207 SendPrismaEventToast(""favor"", deity,...) gated on deity==_activeDeity; :9199 RecordDeityDriver gated on reason!="""" && IsDashboardTrackedDeity; chronicle via dawn digest (RunDawnBookOfDays:8554 BuildBookOfDaysDigestLine)","Routine per-act favor for the ACTIVE PATRON. Toast immediate (only when deity==_activeDeity, prevents spam). Ledger immediate (RecordDeityDriver) when reason non-empty AND IsDashboardTrackedDeity. Chronicle is DAWN-DEFERRED via the digest (timing field = immediate marks the toast+ledger surfaces; chronicle rolls into the dawn digest, captured in digest.dawn). RUBRIC-CONSISTENT with routine-favor rule (active patron toast=Y, chronicle via digest, ledger immediate)."
"favor.non-patron","favor","ALL","n/a","N","N","Y","dawn","PDV__ManagerQuest.psc:8596 BuildBookOfDaysDigestLine names at most 3 gods then 'among others'; the aggregate dawn digest is the only chronicle path for non-patron piety moves. No per-non-patron-deity AppendBookOfDaysEntry is emitted. AwardPiety -> RecordDeityDriver (:9199) is the ledger path.","Corrected from a prior registry row that claimed expected_chronicle=Y/timing=dawn, implying a per-non-patron-deity journal line. BuildBookOfDaysDigestLine(:8596-8631) names at most 3 gods; beyond 3 they are collapsed to 'among others' with no individual entry. expected_chronicle=N here: individual non-patron beats are NOT individually chronicled -- coverage is only via the shared dawn digest row (digest.dawn), which has its own registry entry. The prior Y was optimistic and would cause false verifier failures expecting a per-deity journal line that BuildBookOfDaysDigestLine never emits. expected_ledger=Y: piety moves via AwardPiety -> RecordDeityDriver for any deity including non-patron."
"favor.khajiit-emphasis","favor","Khajiit","n/a","Y","Y","Y","immediate","PDV__ManagerQuest.psc:9221-9231 IsDashboardTrackedDeity returns true for the Khajiit emphasis deity without a formal patron commit; :9206-9207 toast still gated on deity==_activeDeity; :9199 RecordDeityDriver fires via the IsDashboardTrackedDeity path","Khajiit focused-emphasis deity gets LEDGER coverage even without a formal patron commitment (IsDashboardTrackedDeity exception). Toast still requires deity==_activeDeity, so a pre-commit emphasis deity gets ledger but NOT toast unless it IS the active patron (matrix shows the maximal active-patron case Y/Y/Y; pre-commit case is N-toast). Chronicle via dawn digest. RUBRIC-CONSISTENT."
"signal.curated","signal","ALL","n/a","Y","Y","Y","immediate","PDV__ManagerQuest.psc:2484 AwardCuratedSignal calls AwardPiety(deity, delta, ""a devotional rite"") [reason non-empty -> RecordDeityDriver fires at :9199]; toast at :9207 for active patron; chronicle via dawn digest :8554","AwardCuratedSignal (multiplier==1.0 path) passes ""a devotional rite"" as reason so RecordDeityDriver fires -> ledger=Y. Toast only for active patron; chronicle dawn-deferred. VERIFIED line 2484. All three surfaces covered for the active patron. RUBRIC-CONSISTENT."
"signal.curated-scaled","signal","ALL","n/a","Y","Y","Y","immediate","PDV__ManagerQuest.psc:2518 AwardCuratedSignalScaled calls AwardPiety(deity, scaledDelta) with NO reason arg; RecordDeityDriver at :9198 gated on reason!="""" so DOES NOT FIRE; toast at :9207 for active patron; chronicle via dawn digest","VERIFIED GAP (read 2491-2518): AwardCuratedSignalScaled (multiplier!=1.0 path) calls AwardPiety WITHOUT the reason string, unlike AwardCuratedSignal at :2484. The reason gate at :9198 means RecordDeityDriver is SKIPPED - the Ledger does NOT record the driver for scaled curated signals. This is the DOMINANT curated path (most signals dispatch via the Scaled variant with a multiplier), so this is the single highest-impact ledger gap in the substrate/signal slices. expected_ledger=Y (design-intent per the 'all data points reach the Ledger' owner rule); current emit is ledger=N. FIX: pass a reason string from AwardCuratedSignalScaled to AwardPiety. Toast/chronicle as for signal.curated."
"signal.likes-dislikes","signal","ALL","n/a","Y","Y","Y","immediate","PDV__ManagerQuest.psc:7487-7489 ScoreAction fan-out calls AwardPiety(deity, delta*multiplier, reason) with caller reason -> RecordDeityDriver fires at :9199; toast at :9207; chronicle via dawn digest. Origin-gated overlay rows via PDV_DeityBase.psc:127-135 (eventType+10000+originRace key)","MERGED signal.likes-dislikes + signal.likes-dislikes.origin-gated (same AwardPiety path; origin-gated overlay rows just double the scored-action key to avoid shared daily-cap interference). Routes through ScoreAction->ScoreFromTable; fan-out at :7487-7489 passes a reason so RecordDeityDriver fires -> ledger=Y. Only NATIVE-stance deities score (ScoreFromTable:114-116 gate) so foreign deities correctly score 0. Toast only for active patron; chronicle dawn-deferred. RUBRIC-CONSISTENT."
"signal.rivalry","signal","ALL","n/a","Y","Y","Y","immediate","PDV__ManagerQuest.psc:17704-17736 ApplyRivalryPenalties calls AwardPietyInternal(rivalDeity, rivalAmount, False) [no reason -> RecordDeityDriver skipped] then SendPrismaEventToast(""rivalry"", sourceDeity,...,rivalDeity.DeityName) at :17724","Rivalry penalty is a piety MOVE (negative) on the rival deity. Toast fires (event=rivalry, once per rival batch via rivalToastShown). Chronicle captures the rival in the dawn digest if the negative piety clamps non-zero. LEDGER GAP: AwardPietyInternal is called with NO reason (defaults """") so RecordDeityDriver does NOT fire - the rivalry-caused drain on the rival deity is invisible to the driver ring. RUBRIC FIX: finder set ledger=N; per the owner rule every piety move should reach the Ledger -> expected_ledger=Y (design-intent), note current emit is ledger=N (pass a reason to AwardPietyInternal). Same gap class as signal.curated-scaled."
"signal.contextual-favor","favor","ALL","n/a","Y","N","N","immediate","PDV__ManagerQuest.psc:11389-11406 SendContextualFavorToast -> SendPrismaEventToast(""favor"", favorDeity, contextText,"""",""""); NO AwardPiety, NO AppendBookOfDaysEntry; Kyne-lane pins to PDV_Kyne at :11402-11403","Contextual favor is the BUFF system (spell added to player), NOT a piety-moving signal. Toast fires (event=favor + context label). No piety delta -> no Ledger driver and no dawn-digest inclusion -> chronicle=N, ledger=N (CORRECT per rubric: pure buff beat, no piety move). The ""Quiet"" surfacing label suppresses even the toast for some buff families (:11391). Kyne-lane favors fire under broad Nord worship even without _activeDeity by pinning the deity explicitly. RUBRIC-CONSISTENT."
"substrate.act.lunar.khajiit","substrate","Khajiit","n/a","Y","N","Y","immediate","PDV__ManagerQuest.psc:5011 SendPrismaSubstrateProgress(""lunar"",...) in RecordKhajiitLunarObservance; :5046 same in RecordKhajiitRoadHomeCadence; tier-up branch -> SendPrismaSubstrateToast(""lunar"",""deepen"",...) at :12810","MERGED substrate.act.lunar + substrate.deepen.lunar (act and deepen are two phases of the SAME SendPrismaSubstrateProgress emit, :12810 picks 'act' vs 'deepen' by tierAfter>tierBefore). Ongoing Khajiit lunar substrate (moon observance, road-home cadence). Toast fires (act or deepen). No per-act chronicle -> chronicle=N. LEDGER CAVEAT: piety routes via AwardCuratedSignalScaled which (verified) drops the reason -> RecordDeityDriver may NOT fire; expected_ledger=Y per design but subject to the signal.curated-scaled gap. Lunar POSTURE shift is a separate reorientation row."
"substrate.act.hist.argonian","substrate","Argonian","n/a","Y","N","Y","immediate","PDV__ManagerQuest.psc:4016 SendPrismaSubstrateProgress(""hist"",...) in HandleArgonianNearWaterMaintenance; :5483/:5503/:5516/:5523/:5552 other Hist routes; sacred water :3932 SendPrismaSubstrateToast(""ArgonianHist"",""water"",...); deepen at :12810","MERGED hist act + hist deepen + sacred-water one-shot (all SendPrismaSubstrateProgress/SendPrismaSubstrateToast surfaces for the Hist substrate). Ongoing Hist maintenance (near-water, pulse, people, rest, void) + sacred-water one-shot. Toast fires (act/deepen/water). No per-act chronicle. Piety via AwardCuratedSignalScaled(PDV_Hist) -> ledger=Y by design but subject to the curated-scaled reason-gap. Hist POSTURE shift + shadowscale + posture-dream are separate rows. Sacred water is FormList-gated one-shot."
"substrate.act.hist.argonian.shadowscale","substrate","Argonian","n/a","Y","N","N","immediate","PDV__ManagerQuest.psc:4107 SendPrismaSubstrateToast(""ArgonianHist"",""shadowscale"",""The shadow closes over you..."",""void"",...) in HandleArgonianShadowscaleVeilActivation","DISTINCT: Shadowscale Veil activation (Void-pact branch), gated on IsVoidFullyActive() and void+people thresholds. Toast phase=shadowscale symbol=void. No piety move at activation -> ledger=N (the Void relation build-up that enables it is tracked separately). Chronicle=N. RUBRIC-CONSISTENT (no piety delta -> ledger=N)."
"substrate.act.hist.argonian.posture-dream","substrate","Argonian","n/a","Y","N","N","immediate","PDV__ManagerQuest.psc:4135 SendPrismaSubstrateToast(""ArgonianHist"",""dream"",dreamText,""hist"",GetArgonianHistPostureLabel()) in EmitArgonianPostureDream","DISTINCT: Hist posture dream, pure flavor beat keyed to posture, fired on posture transition (strong roll) or rare ambient. Explicitly noted at :4113 'Pure flavor; no piety, no substrate writes.' Toast=Y (posture-specific dream text), chronicle=N, ledger=N. RUBRIC-CONSISTENT."
"substrate.act.ancestor.dunmer","substrate","Dunmer","n/a","Y","N","Y","immediate","PDV__ManagerQuest.psc:4901 SendPrismaSubstrateProgress(""ancestor"",...,""Ancestor prayer marked."",""ancestor"",GetDunmerAncestorLayerLabel()) in DunmerAncestorPortableShrinePrayer; :4928 DunmerAncestorHomeBonus; deepen at :12810","MERGED act + deepen. Dunmer ancestor-layer acts (portable shrine prayer, ancestor-home bonus). AwardDunmerAncestorSpinePulse->AwardCuratedSignalScaled -> ledger=Y by design (subject to the curated-scaled reason-gap). No per-act chronicle. Curse silences the layer (:4897 silenced under vampirism, halved under werewolf). Layer-label change is the separate reorientation.dunmer.ancestor-layer row."
"substrate.act.ancestor.nord","substrate","Nord","n/a","Y","N","Y","immediate","PDV__ManagerQuest.psc:6610 SendPrismaSubstrateProgress(""ancestor"",...,""The old line remembered."",""shor"",...) in RecordNordAncestorSpine; :6634 RecordNordAncestralRest; :6659 RecordNordHearthReturn; deepen at :12810","MERGED act + deepen. Nord ancestor spine (ancestor-standing, ancestral rest, hearth return) - three sources funnel through SendPrismaSubstrateProgress. AwardCuratedSignalScaled(PDV_Shor) -> ledger=Y by design (curated-scaled reason-gap caveat). No per-act chronicle. Debug.Notification at rest/hearth sites only."
"substrate.act.ancestor.altmer","substrate","Altmer","n/a","Y","N","Y","immediate","PDV__ManagerQuest.psc:7303 SendPrismaSubstrateProgress(""altmer-heritage"",...,""The old line holds its shape."",""auriel"",...) in AwardAltmerAncestorSpinePulse; deepen at :12810","MERGED act + deepen. Altmer heritage substrate (sleep dreams, magic milestones feed it). AwardCuratedSignalScaled(PDV_AuriEl) -> ledger=Y by design (curated-scaled caveat). No per-act chronicle. Substrate token ""altmer-heritage""."
"substrate.act.ancestor.breton","substrate","Breton","n/a","Y","N","Y","immediate","PDV__ManagerQuest.psc:14117 SendPrismaSubstrateProgress(""breton-ancestor"",...,""The mixed inheritance answers."",""magnus"",...) in AwardBretonAncestorSpinePulse; deepen at :12810","MERGED act + deepen. Breton mixed-inheritance substrate. AwardCuratedSignalScaled(PDV_Magnus) -> ledger=Y by design (curated-scaled caveat). No per-act chronicle. Substrate token ""breton-ancestor""."
"substrate.act.ancestor.imperial","substrate","Imperial","n/a","Y","N","Y","immediate","PDV__ManagerQuest.psc:14509 SendPrismaSubstrateProgress(""imperial-civic"",...,""The old civic spine steadies."",""talos"",...) in AwardImperialAncestorSpinePulse; deepen at :12810","MERGED act + deepen. Imperial civic-ancestor substrate. AwardCuratedSignalScaled(PDV_Talos) -> ledger=Y by design (curated-scaled caveat). No per-act chronicle. Substrate token ""imperial-civic""."
"substrate.act.stronghold.orc","substrate","Orc","n/a","Y","N","Y","immediate","PDV__ManagerQuest.psc:5831 SendPrismaSubstrateToast(GetOrcLifeModeSubstrateToken(modeValue),""act"",""The code was marked."",""malacath"",GetOrcLifeModeLabel()) in RecordOrcLifeModeSignal when current mode matches signal mode","Orc life-mode substrate acts (stronghold/city/legionexile tokens, all surface identically via the shared function -> one row). AwardOrcAncestorSpineSignal->AwardCuratedSignalScaled -> ledger=Y by design (curated-scaled caveat). No per-act chronicle. The life-mode SWITCH itself is the separate reorientation.orc.lifemode row (uses SendPrismaShiftToast, ledger=N)."
"substrate.act.sect.redguard","substrate","Redguard","n/a","Y","N","Y","immediate","PDV__ManagerQuest.psc:6459 SendPrismaSubstrateToast(""sect"",""act"",""The Yokudan path was marked."",""sect"",GetRedguardSectLabel()) in RecordRedguardSectSignal when current sect matches signal sect","Redguard sect substrate acts (Crown/Forebear/Ash'abah). AwardRedguardAncestorSpinePietyPulse -> ledger=Y by design (curated-scaled caveat). No per-act chronicle. The sect SWITCH itself is the separate reorientation.redguard.sect row (SendPrismaShiftToast, ledger=N; 3-day lockout; Ash'abah entry needs a marked named-undead death-duty burden)."
"drift.warn","substrate","ALL","n/a","Y","Y","N","immediate","PDV__ManagerQuest.psc:1773 TransitionToneKey returns ""drift.warn"" for eventClass==""drift"", and JournalToneToTitle(:15249)/JournalToneToValence(:15283) have drift.warn entries -- but NO callsite ever passes eventClass=""drift"" to SurfaceTransition. All SurfaceTransition calls use tier|neglect|curse|reorientation (lines 7555, 8806, 10637, 11242, 12627). The drift.warn branch in TransitionToneKey is dead code.","Designed strain/warning beat: tone-table title ""The path strains"" and warning valence are authored (:15249/:15283) and the Today-tab driftLabel (GetPanelDriftLabel:2177) surfaces Quiet/Steady/Thinning on-query, but NO Prisma surface (toast or chronicle) is ever emitted. The concept is not collapsed into neglect.drop -- neglect fires at the drop floor, drift-warn should fire before that. GAP: SurfaceTransition(""drift"", ...) is never called. expected_ledger=N (no piety move here, it is a warning about trajectory). Either add a callsite at the piety-thinning threshold or retire the tone tables and collapse into the neglect path. Highest-confidence missing event class per completeness audit."
"emergence.onset","emergence","ALL","n/a","Y","Y","N","immediate","PDV__ManagerQuest.psc: no callsite exists. JournalToneToTitle(:15237) returns ""An emergence"" and JournalToneToValence(:15271) returns good for tone ""emergence.onset"". SurfaceTransition accepts eventClass ""emergence"" via the TransitionToneKey default pass-through. Nearest candidate site would be at first-contact/first-piety confirmation for an uncommitted player, but no such callsite exists for any race.","Generic first-emergence beat (a god first answering an uncommitted player) is authored in tone tables but wired for no race and never emitted. The only registry coverage for emergence is the Bosmer-specific emergence.bosmer.path-confirm row (which carries piety). The broader quiet-emergence milestone class the design names is absent. expected_ledger=N (no piety delta on the emergence beat itself; piety accrued via the underlying favor/signal that triggered it). Either add callsites per-race at the moment a deity first accumulates meaningful piety before commitment, or confirm this was superseded by the tier.reach Seeker beat and retire the tone tables."
"daedric.boon","daedric","ALL","n/a","Y","N","N","immediate","PDV__ManagerQuest.psc:12818 documents phase=""boon"" in the SendPrismaDaedricToast comment. app.js:831-878 fully renders boon (tone=good, title=""<Prince> is satisfied"", message=""The rite was answered."", listTitle=""<Prince>: boon""). app.js:668 maps alias daedric_boon->daedric. But SendPrismaDaedricToast is only ever called with phase=""price"" (:6958/:6960) or phase=""lapse"" (:12090). No callsite emits phase=""boon"".","Renderer is fully built for boon display (app.js:831-878, :2095 test fixture daedric_boon). Papyrus producer is absent -- the boon-counted/rite-satisfied beat for a Daedric pact is never surfaced. This may be the intended per-rite completion surface (analogous to substrate ""deepen"") that would fire when a Prince's rite is completed. Flag for adjudication: either add a SendPrismaDaedricToast(princeName, ""boon"", ...) callsite at rite-completion, or retire the renderer branch as dead. expected_ledger=N (boon is a narrative/tone beat, not a piety driver record; piety moves via the rite path itself)."
"substrate.thin","substrate","ALL","n/a","Y","N","N","immediate","PDV__ManagerQuest.psc:12808 SendPrismaSubstrateProgress only picks phase=""deepen"" (tierAfter > tierBefore) or phase=""act"" (multiplier > 0); it never picks ""thin"". app.js:677 maps substrate_thin->substrate; :2105 test fixture substrate_thin uses phase=""thin"", symbol=""ancestor"". The renderer substrate eventLanguage block handles phase==""thin"" with title ""<substrate> thin"" and message ""<substrate> are slipping from you"" but no Papyrus caller constructs this payload.","Cross-race gap: substrate erosion (Hist drifting Distant, ancestor layer decaying under curse silence :4897, lunar posture declining) is currently invisible as a substrate surface. Loss shows only as a posture/layer-label reorientation at dawn, not an immediate substrate-thinning toast. Renderer is built for it. Fix: add a branch to SendPrismaSubstrateProgress (or a new call path) that emits phase=""thin"" when tierAfter < tierBefore. Affects all substrate races: hist (Argonian), ancestor (Dunmer/Nord), lunar (Khajiit), stronghold (Orc), civic (Imperial), heritage (Altmer), breton-ancestor (Breton). expected_ledger=N (substrate thin is a directional warning toast, no piety delta). expected_chronicle=N (not a milestone entry)."
"signal.creed-violation.loss","signal","ALL","n/a","N","N","Y","immediate","PDV__ManagerQuest.psc:2518 AwardCuratedSignalScaled calls AwardPiety(deity, scaledDelta) with NO reason string -- reason defaults to """" so RecordDeityDriver(:9199) is called with reason="""". Emitters: EmitHistAbandonmentMinus(:10494), EmitHistCorruptionMinus(:10511), EmitHistVoidOverreachMinus(:10528), EmitMalacathBrokenFaithKinMinus(:10448), HandleDunmerClumsyCrime(:10469) all route through AwardCuratedSignalScaled. The reason is dropped at :2518 (unlike AwardCuratedSignal at :2497 which passes a typed signal reason).","Negative curated creed-violation piety moves DO land in the Ledger (AwardPiety -> RecordDeityDriver is called) but with reason="""" so the dashboard cannot display a 'why did this god drop' loss driver. expected_ledger=Y (the piety delta is written; the gap is the missing reason label, not the absence of a ledger row entirely). expected_toast=N and expected_chronicle=N (creed-violation loss is intentionally silent in current design). Verifier should check that RecordDeityDriver is called with a non-empty reason for the creed-violation path. Fix candidate: pass a named reason from AwardCuratedSignalScaled, or override in each EmitXxxMinus callsite before the AwardCuratedSignalScaled call."
