editor_id,quest_name,outcome_stage,outcome,act_tags,deity,valence,intensity,magnitude,citation
DA15,The Mind of Madness,200,Help Sheogorath return; the Wabbajack,sow_chaos_madness,Akatosh,-,S,small,"cross-gen candidate: sow_chaos_madness(S) from the Akatosh Part B profile, stepped down; REVIEW before promotion; reviewed A1"
MG01,First Lessons,200,Entered the College and took up disciplined study,disciplined_study,Akatosh,+,m,small,"cross-gen candidate: disciplined_study(m) from the Akatosh Part B profile, stepped down; REVIEW before promotion; reviewed A1"
MG08,The Eye of Magnus,200,Contained the Eye and preserved what could be known of it,disciplined_study,Akatosh,+,m,small,"cross-gen candidate: disciplined_study(m) from the Akatosh Part B profile, stepped down; REVIEW before promotion; reviewed A1"
FreeformKolskeggrA,Kolskeggr Mine (reclaim),200,Drove the Forsworn from Kolskeggr so Pavo and the miners could return to honest work,uphold_law_justice,Akatosh,+,m,small,"cross-gen candidate: uphold_law_justice(m) from the Akatosh Part B profile, stepped down; REVIEW before promotion; reviewed A1"
TG08A,Trinity Restored,57,Take the Nightingale Oath to Nocturnal,keep_oath,Akatosh,+,S,small,conflict adjudication: keep_oath(S) dominates serve_a_daedra:nocturnal(m) for Akatosh -- an explicit oath-taking act outweighs incidental Daedra service; reviewed A1
MQ304,Sovngarde,200,"Reached the Hall of Heroes; permitted by Shor to join Gormlaith, Hakon and Felldir against Alduin (single outcome)",honor_the_dead,Arkay,+,S,small,"cross-gen candidate: honor_the_dead(C) from the Arkay Part B profile, stepped down; REVIEW before promotion; reviewed A1"
DLC1VQSaint,Impatience of a Saint,200,Gathered Saint Jiub's lost opus pages in the Soul Cairn and returned a trapped soul his life's work,honor_the_dead,Arkay,+,S,small,"cross-gen candidate: honor_the_dead(C) from the Arkay Part B profile, stepped down; REVIEW before promotion; reviewed A1"
DLC1SeranaCureSelfQuest,Serana's Cure,200,Serana returned from Falion cured of vampirism,cure_undeath,Arkay,+,S,small,"cross-gen candidate: cure_undeath(S) from the Arkay Part B profile; direct hit on the vigil-against-undeath anchor, restored to full profile intensity; reviewed A1"
DA01,The Black Star,100,Cleanse Azura's Star (give to Aranea/Azura),destroy_reject_daedra:molagbal,Stendarr,+,S,small,"conflict adjudication: destroy_reject_daedra:molagbal(S) dominates serve_a_daedra:azura(S) for Stendarr -- the act is cleansing Molag Bal's corruption, not devotion to Azura; reviewed A1"
DA01,The Black Star,110,Complete the Black Star (give to Nelacar; traps mortal souls),serve_a_daedra:azura,Stendarr,-,S,small,"cross-gen candidate: serve_a_daedra:azura(S) from the Stendarr Part B profile; opposite branch of DA01 s100, both kept; REVIEW before promotion; reviewed A1"
DA03,A Daedra's Best Friend,155,Kill loyal Barbas + keep the Rueful Axe,kill_the_helpless,Stendarr,-,S,small,"cross-gen candidate: kill_the_helpless(C) from the Stendarr Part B profile, stepped down; REVIEW before promotion; reviewed A1"
DA04,Discerning the Transmundane,100,Open the lockbox; claim the Oghma Infinium,serve_a_daedra:hermaeusmora,Stendarr,-,m,small,"cross-gen candidate: serve_a_daedra:hermaeusmora(S) from the Stendarr Part B profile, stepped down; REVIEW before promotion; reviewed A1"
DA05,Ill Met By Moonlight,100,Kill Sinding for Hircine (the hunt); Savior's Hide,serve_a_daedra:hircine,Stendarr,-,m,small,"cross-gen candidate: serve_a_daedra:hircine(S) from the Stendarr Part B profile, stepped down; opposite branch of DA05 s105, both kept; REVIEW before promotion; reviewed A1"
DA05,Ill Met By Moonlight,105,Defend Sinding; spare the hunted (Ring of Hircine),mercy_spare,Stendarr,+,S,small,"cross-gen candidate: mercy_spare(C) from the Stendarr Part B profile, stepped down; opposite branch of DA05 s100, both kept; REVIEW before promotion; reviewed A1"
DA08,The Whispering Door,60,Take Mephala's Ebony Blade (fed by slaying those close),serve_a_daedra:mephala,Stendarr,-,m,small,"cross-gen candidate: serve_a_daedra:mephala(S) from the Stendarr Part B profile, stepped down; distinct stage from existing DA08 s25; REVIEW before promotion; reviewed A1"
DA14,A Night To Remember,30,Clean the Temple + apologize to the priestesses of Dibella,charity,Stendarr,+,m,small,"cross-gen candidate: charity(m) from the Stendarr Part B profile; best single stage of DA14, kept over the weaker s200 daedra-service tag; REVIEW before promotion; reviewed A1"
DA15,The Mind of Madness,200,Help Sheogorath return; the Wabbajack,serve_a_daedra:sheogorath,Stendarr,-,m,small,"cross-gen candidate: serve_a_daedra:sheogorath(S) from the Stendarr Part B profile, stepped down; REVIEW before promotion; reviewed A1"
TG08A,Trinity Restored,57,Take the Nightingale Oath to Nocturnal,serve_a_daedra:nocturnal,Stendarr,-,m,small,"cross-gen candidate: serve_a_daedra:nocturnal(S) from the Stendarr Part B profile, stepped down; best single stage of the Nightingale arc, kept over redundant TG09; REVIEW before promotion; reviewed A1"
DB11,Hail Sithis!,70,Optionally killed the contractor Amaund Motierre after taking payment (optional kill branch),murder_treacherous,Stendarr,-,m,small,"cross-gen candidate: murder_treacherous(S) from the Stendarr Part B profile, stepped down; REVIEW before promotion; reviewed A1"
MG03,Hitting the Books,55,,protect_the_weak,Stendarr,+,S,small,"cross-gen candidate: protect_the_weak(C) from the Stendarr Part B profile, stepped down; REVIEW before promotion; reviewed A1"
MG05,Containment,200,,protect_the_weak,Stendarr,+,S,small,"cross-gen candidate: protect_the_weak(C) from the Stendarr Part B profile, stepped down; REVIEW before promotion; reviewed A1"
FreeformKolskeggrA,Kolskeggr Mine (reclaim),200,Drove the Forsworn from Kolskeggr so Pavo and the miners could return to honest work,uphold_law_justice,Stendarr,+,S,small,cross-gen candidate: uphold_law_justice(S) from the Stendarr Part B profile; REVIEW before promotion; reviewed A1
DA07,Pieces of the Past,100,Kill Silus for Dagon; reforge Mehrunes' Razor,murder_treacherous,Mara,-,m,small,"cross-gen candidate: murder_treacherous(m) from the Mara Part B profile; opposite branch of DA07 s150, both kept; REVIEW before promotion; reviewed A1"
DA07,Pieces of the Past,150,Refuse to kill Silus; reject Dagon,mercy_spare,Mara,+,S,small,"cross-gen candidate: mercy_spare(S) from the Mara Part B profile; opposite branch of DA07 s100, both kept; REVIEW before promotion; reviewed A1"
DA11,The Taste of Death,100,Feast on Verulus's corpse; Ring of Namira,murder_treacherous,Mara,-,m,small,cross-gen candidate: murder_treacherous(m) from the Mara Part B profile; opposite branch of existing DA11 s250; REVIEW before promotion; reviewed A1
DA14,A Night To Remember,30,Clean the Temple + apologize to the priestesses of Dibella,charity,Mara,+,S,small,"cross-gen candidate: charity(C) from the Mara Part B profile, stepped down; REVIEW before promotion; reviewed A1"
CW03,Message to Whiterun,16,"Assist Jarl Balgruuf with the dragon threat, defending Whiterun",protect_the_weak,Mara,+,m,small,cross-gen candidate: protect_the_weak(m) from the Mara Part B profile; REVIEW before promotion; reviewed A1
DB03,Mourning Never Comes,30,"OPTIONAL: killed Nilsine Shatter-Shield, an innocent, for the bonus",kill_the_helpless,Mara,-,m,small,cross-gen candidate: kill_the_helpless(m) from the Mara Part B profile; REVIEW before promotion; reviewed A1
DB08,Recipe for Disaster,200,"Killed Anton Virane, assassinated the Gourmet (single outcome)",murder_treacherous,Mara,-,m,small,cross-gen candidate: murder_treacherous(m) from the Mara Part B profile; REVIEW before promotion; reviewed A1
DB09,To Kill an Empire,50,Infiltrated as the Gourmet and assassinated the decoy 'Emperor' by poison (single outcome),murder_treacherous,Mara,-,m,small,cross-gen candidate: murder_treacherous(m) from the Mara Part B profile; REVIEW before promotion; reviewed A1
DB10,Death Incarnate,70,"Killed Astrid, the betrayer (kill-the-betrayer outcome)",murder_treacherous,Mara,-,m,small,cross-gen candidate: murder_treacherous(m) from the Mara Part B profile; REVIEW before promotion; reviewed A1
DB11,Hail Sithis!,70,Optionally killed the contractor Amaund Motierre after taking payment (optional kill branch),murder_treacherous,Mara,-,m,small,cross-gen candidate: murder_treacherous(m) from the Mara Part B profile; distinct stage from existing DB11 s200; REVIEW before promotion; reviewed A1
MG03,Hitting the Books,55,,protect_the_weak,Mara,+,m,small,cross-gen candidate: protect_the_weak(m) from the Mara Part B profile; REVIEW before promotion; reviewed A1
MG05,Containment,200,,protect_the_weak,Mara,+,m,small,cross-gen candidate: protect_the_weak(m) from the Mara Part B profile; REVIEW before promotion; reviewed A1
MQ104,Dragon Rising,160,"Slay the dragon at the Western Watchtower in open battle, defending Whiterun",protect_the_weak,Mara,+,m,small,"cross-gen candidate: protect_the_weak(m) from the Mara Part B profile; distinct quest from CW03, both kept; REVIEW before promotion; reviewed A1"
MS14,Laid to Rest,200,Destroyed the master vampire Movarth and his coven preying on Morthal,protect_the_weak,Mara,+,m,small,cross-gen candidate: protect_the_weak(m) from the Mara Part B profile; REVIEW before promotion; reviewed A1
TG04,Scoundrel's Folly,200,Shadowed and coerced Gulum-Ei into confessing; optionally stole Firebrand Wine (single outcome),theft_burglary,Zenithar,-,m,small,"cross-gen candidate: theft_burglary(S) from the Zenithar Part B profile, stepped down; reviewed A2"
TG07,The Pursuit,200,Infiltrated and burgled Mercer Frey's Riftweald Manor to discover his heist plans (single outcome),theft_burglary,Zenithar,-,m,small,"cross-gen candidate: theft_burglary(S) from the Zenithar Part B profile, stepped down; reviewed A2"
DA02,Boethiah's Calling,40,Sacrifice the trusting + defeat champion + don Ebony Mail,kill_the_helpless,Dibella,-,m,small,"cross-gen candidate: kill_the_helpless(m) from the Dibella Part B profile, stepped down; reviewed A2"
DA03,A Daedra's Best Friend,155,Kill loyal Barbas + keep the Rueful Axe,kill_the_helpless,Dibella,-,m,small,"cross-gen candidate: kill_the_helpless(m) from the Dibella Part B profile, stepped down; reviewed A2"
DA10,The House of Horrors,200,Beat the captive priest into submission + kill him; Mace of Molag Bal,kill_the_helpless,Dibella,-,m,small,"cross-gen candidate: kill_the_helpless(m) from the Dibella Part B profile, stepped down; reviewed A2"
DA11,The Taste of Death,100,Feast on Verulus's corpse; Ring of Namira,kill_the_helpless,Dibella,-,m,small,"cross-gen candidate: kill_the_helpless(m) from the Dibella Part B profile, stepped down; reviewed A2"
DB03,Mourning Never Comes,30,"OPTIONAL: killed Nilsine Shatter-Shield, an innocent, for the bonus",kill_the_helpless,Dibella,-,m,small,"cross-gen candidate: kill_the_helpless(m) from the Dibella Part B profile, stepped down; reviewed A2"
DA07,Pieces of the Past,100,Kill Silus for Dagon; reforge Mehrunes' Razor,sow_chaos_madness,Julianos,-,m,small,"cross-gen candidate: sow_chaos_madness(S) from the Julianos Part B profile, stepped down; reviewed A2"
DA15,The Mind of Madness,200,Help Sheogorath return; the Wabbajack,sow_chaos_madness,Julianos,-,m,small,"cross-gen candidate: sow_chaos_madness(S) from the Julianos Part B profile, stepped down; reviewed A2"
FreeformKolskeggrA,Kolskeggr Mine (reclaim),200,Drove the Forsworn from Kolskeggr so Pavo and the miners could return to honest work,uphold_law_justice,Julianos,+,m,small,"cross-gen candidate: uphold_law_justice(S) from the Julianos Part B profile, stepped down; reviewed A2"
DA01,The Black Star,110,Complete the Black Star (give to Nelacar; traps mortal souls),necromancy,Kynareth,-,m,small,"cross-gen candidate: necromancy(m) from the Kynareth Part B profile, stepped down; reviewed A2"
DA05,Ill Met By Moonlight,105,Defend Sinding; spare the hunted (Ring of Hircine),protect_the_weak,Kynareth,+,m,small,"cross-gen candidate: protect_the_weak(m) from the Kynareth Part B profile, stepped down; reviewed A2"
DA11,The Taste of Death,250,Kill Eola; save Verulus from the cannibals,protect_the_weak,Kynareth,+,m,small,"cross-gen candidate: protect_the_weak(m) from the Kynareth Part B profile, stepped down; reviewed A2"
DA14,A Night To Remember,10,Trashed the Temple of Dibella in a drunken stupor,defile_nature,Kynareth,-,S,small,"cross-gen candidate: defile_nature(C) from the Kynareth Part B profile, stepped down; reviewed A2"
DA14,A Night To Remember,30,Clean the Temple + apologize to the priestesses of Dibella,heal_comfort,Kynareth,+,m,small,"cross-gen candidate: heal_comfort(m) from the Kynareth Part B profile, stepped down; reviewed A2"
DA16,Waking Nightmare,200,Allow Erandur to destroy the Skull; spare him,protect_the_weak,Kynareth,+,m,small,"cross-gen candidate: protect_the_weak(m) from the Kynareth Part B profile, stepped down; reviewed A2"
t02,The Book of Love,200,Reunited three estranged couples for the Temple of Mara (incl. lovers parted by death),heal_comfort,Kynareth,+,m,small,"cross-gen candidate: heal_comfort(m) from the Kynareth Part B profile, stepped down; reviewed A2"
MS14,Laid to Rest,200,Destroyed the master vampire Movarth and his coven preying on Morthal,protect_the_weak,Kynareth,+,m,small,"cross-gen candidate: protect_the_weak(m) from the Kynareth Part B profile, stepped down; reviewed A2"
DA05,Ill Met By Moonlight,105,Defend Sinding; spare the hunted (Ring of Hircine),protect_the_weak,Talos,+,m,small,"cross-gen candidate: protect_the_weak(m) from the Talos Part B profile, stepped down; reviewed A2"
DA06,The Cursed Tribe,200,Defend Largashbur; prove worthier than Yamarz; lift the curse,prove_by_struggle,Talos,+,m,small,"cross-gen candidate: prove_by_struggle(S) from the Talos Part B profile, stepped down; reviewed A2"
DA11,The Taste of Death,250,Kill Eola; save Verulus from the cannibals,protect_the_weak,Talos,+,m,small,"cross-gen candidate: protect_the_weak(m) from the Talos Part B profile, stepped down; reviewed A2"
DA16,Waking Nightmare,200,Allow Erandur to destroy the Skull; spare him,protect_the_weak,Talos,+,m,small,"cross-gen candidate: protect_the_weak(m) from the Talos Part B profile, stepped down; reviewed A2"
TG08B,Blindsighted,50,Slay the traitor Mercer Frey; recover the Skeleton Key,kill_honorable_combat,Talos,+,m,small,"cross-gen candidate: kill_honorable_combat(S) from the Talos Part B profile, stepped down; reviewed A2"
T01,The Heart of Dibella,200,Rescued Fjotra the kidnapped Sybil child from the Forsworn and restored her to the Temple of Dibella,protect_the_weak,Talos,+,m,small,"cross-gen candidate: protect_the_weak(m) from the Talos Part B profile, stepped down; reviewed A2"
MS14,Laid to Rest,200,Destroyed the master vampire Movarth and his coven preying on Morthal,protect_the_weak,Talos,+,m,small,"cross-gen candidate: protect_the_weak(m) from the Talos Part B profile, stepped down; reviewed A2"
DA06,The Cursed Tribe,200,Defend Largashbur; prove worthier than Yamarz; lift the curse,prove_by_struggle,Kyne,+,S,small,cross-gen candidate: prove_by_struggle(S) from the Kyne Part B profile; reviewed A3
DA10,The House of Horrors,200,Beat the captive priest into submission + kill him; Mace of Molag Bal,kill_the_helpless,Kyne,-,m,small,"cross-gen candidate: kill_the_helpless(m) from the Kyne Part B profile, stepped down; reviewed A3"
DA11,The Taste of Death,100,Feast on Verulus's corpse; Ring of Namira,kill_the_helpless,Kyne,-,m,small,"cross-gen candidate: kill_the_helpless(m) from the Kyne Part B profile, stepped down; reviewed A3"
DA11,The Taste of Death,250,Kill Eola; save Verulus from the cannibals,mercy_spare,Kyne,+,m,small,"cross-gen candidate: mercy_spare(m) from the Kyne Part B profile, stepped down; reviewed A3"
TG08B,Blindsighted,50,Slay the traitor Mercer Frey; recover the Skeleton Key,kill_honorable_combat,Kyne,+,m,small,"cross-gen candidate: kill_honorable_combat(S) from the Kyne Part B profile, stepped down; reviewed A3"
C01,Proving Honor,200,Won my place by a judged trial of valor (terminal),prove_by_struggle,Kyne,+,S,small,cross-gen candidate: prove_by_struggle(S) from the Kyne Part B profile; reviewed A3
C03,The Silver Hand,200,Killed armed Silver Hand foes in open battle (terminal),kill_honorable_combat,Kyne,+,m,small,"cross-gen candidate: kill_honorable_combat(S) from the Kyne Part B profile, stepped down; reviewed A3"
C04,Blood's Honor,200,Slew the hostile Glenmoril Witches in battle (terminal),kill_honorable_combat,Kyne,+,m,small,"cross-gen candidate: kill_honorable_combat(S) from the Kyne Part B profile, stepped down; reviewed A3"
C05,Purity of Revenge,200,Killed the armed Silver Hand in open battle to avenge a fallen leader (terminal),kill_honorable_combat,Kyne,+,m,small,"cross-gen candidate: kill_honorable_combat(S) from the Kyne Part B profile, stepped down; reviewed A3"
CW01A,Joining the Legion,1,Clear out bandits at Fort Hraggstad (armed foes in battle),kill_honorable_combat,Kyne,+,m,small,"cross-gen candidate: kill_honorable_combat(S) from the Kyne Part B profile, stepped down; reviewed A3"
CW01B,Joining the Stormcloaks,1,Kill the Ice Wraith at Serpentstone Isle to prove worthy,kill_honorable_combat,Kyne,+,m,small,"cross-gen candidate: kill_honorable_combat(S) from the Kyne Part B profile, stepped down; reviewed A3"
DB01,Innocence Lost,200,"Killed Grelod the Kind, the defenseless orphanage headmistress, on a child's Black Sacrament request",kill_the_helpless,Kyne,-,m,small,"cross-gen candidate: kill_the_helpless(m) from the Kyne Part B profile, stepped down; reviewed A3"
DB02,With Friends Like These...,200,"Killed one of three bound, innocent captives to repay the debt and gain entry to the Sanctuary",kill_the_helpless,Kyne,-,m,small,"cross-gen candidate: kill_the_helpless(m) from the Kyne Part B profile, stepped down; reviewed A3"
DB03,Mourning Never Comes,30,"OPTIONAL: killed Nilsine Shatter-Shield, an innocent, for the bonus",kill_the_helpless,Kyne,-,m,small,"cross-gen candidate: kill_the_helpless(m) from the Kyne Part B profile, stepped down; reviewed A3"
DB05,Bound Until Death,200,"Assassinated Vittoria Vici, the defenseless bride, at her own wedding",kill_the_helpless,Kyne,-,m,small,"cross-gen candidate: kill_the_helpless(m) from the Kyne Part B profile, stepped down; reviewed A3"
DB09,To Kill an Empire,200,Returned to the Sanctuary to lend aid to the Family under assault (defend branch),defend_kin_home,Kyne,+,m,small,"cross-gen candidate: defend_kin_home(m) from the Kyne Part B profile, stepped down; reviewed A3"
DB10,Death Incarnate,20,"Defended the burning Sanctuary, killing the Legion soldiers attacking the Family (defense outcome)",kill_honorable_combat,Kyne,+,m,small,"cross-gen candidate: kill_honorable_combat(S) from the Kyne Part B profile, stepped down; reviewed A3"
MQ105U,The Horn of Jurgen Windcaller,60,"Complete the Greybeards' final trial, retrieving the Horn of Jurgen Windcaller",prove_by_struggle,Kyne,+,S,small,cross-gen candidate: prove_by_struggle(S) from the Kyne Part B profile; reviewed A3
MQ201Malborn,(no name) [Malborn / Thalmor assassin],100,Killed the Khajiit Thalmor assassin lying in wait for Malborn,kill_honorable_combat,Kyne,+,m,small,"cross-gen candidate: kill_honorable_combat(S) from the Kyne Part B profile, stepped down; reviewed A3"
MQ303,The World-Eater's Eyrie,300,"I set Odahviing free, he flew me to Skuldafn; I fought my way to the top and entered Alduin's portal to Sovngarde (single outcome)",prove_by_struggle,Kyne,+,S,small,cross-gen candidate: prove_by_struggle(S) from the Kyne Part B profile; reviewed A3
MQ304,Sovngarde,200,"Reached the Hall of Heroes; permitted by Shor to join Gormlaith, Hakon and Felldir against Alduin (single outcome)",prove_by_struggle,Kyne,+,m,small,"cross-gen candidate: prove_by_struggle(S) from the Kyne Part B profile, stepped down; reviewed A3"
DA02KillObj,Boethiah's Bidding,200,Assassinate the Jarl of Solitude by guile/stealth,murder_treacherous,Shor,-,S,small,cross-gen candidate: murder_treacherous(S) from the Shor Part B profile; reviewed A3
DA03,A Daedra's Best Friend,155,Kill loyal Barbas + keep the Rueful Axe,murder_treacherous,Shor,-,m,small,"cross-gen candidate: murder_treacherous(S) from the Shor Part B profile, stepped down; reviewed A3"
DA06,The Cursed Tribe,200,Defend Largashbur; prove worthier than Yamarz; lift the curse,kill_honorable_combat,Shor,+,C,small,cross-gen candidate: kill_honorable_combat(C) from the Shor Part B profile; reviewed A3
DA07,Pieces of the Past,100,Kill Silus for Dagon; reforge Mehrunes' Razor,murder_treacherous,Shor,-,m,small,"cross-gen candidate: murder_treacherous(S) from the Shor Part B profile, stepped down; reviewed A3"
DA16,Waking Nightmare,190,Murder Erandur (priest of Mara) + take the Skull of Corruption,murder_treacherous,Shor,-,m,small,"cross-gen candidate: murder_treacherous(S) from the Shor Part B profile, stepped down; reviewed A3"
TG08B,Blindsighted,50,Slay the traitor Mercer Frey; recover the Skeleton Key,kill_honorable_combat,Shor,+,C,small,cross-gen candidate: kill_honorable_combat(C) from the Shor Part B profile; reviewed A3
DB07,The Cure for Madness,200,Hunted down and killed Cicero on Astrid's order (kill branch),murder_treacherous,Shor,-,m,small,"cross-gen candidate: murder_treacherous(S) from the Shor Part B profile, stepped down; reviewed A3"
DB11,Hail Sithis!,70,Optionally killed the contractor Amaund Motierre after taking payment (optional kill branch),murder_treacherous,Shor,-,m,small,"cross-gen candidate: murder_treacherous(S) from the Shor Part B profile, stepped down; reviewed A3"
MQ105U,The Horn of Jurgen Windcaller,60,"Complete the Greybeards' final trial, retrieving the Horn of Jurgen Windcaller",prove_by_struggle,Shor,+,m,small,"cross-gen candidate: prove_by_struggle(S) from the Shor Part B profile, stepped down; reviewed A3"
DLC1VQSaint,Impatience of a Saint,200,Gathered Saint Jiub's lost opus pages in the Soul Cairn and returned a trapped soul his life's work,honor_the_dead,Shor,+,m,small,cross-gen candidate: honor_the_dead(m) from the Shor Part B profile; reviewed A3
DA02,Boethiah's Calling,40,Sacrifice the trusting + defeat champion + don Ebony Mail,murder_treacherous,Shor,-,S,small,"cross-gen candidate CONFLICT resolved: murder_treacherous(S) dominates prove_by_struggle(S) -- the enabling act is a treacherous sacrifice of a trusting companion, which Shor's honor code condemns regardless of the subsequent duel; reviewed A3"
DA02,Boethiah's Calling,40,Sacrifice the trusting + defeat champion + don Ebony Mail,prove_by_struggle,Tsun,+,C,small,cross-gen candidate: prove_by_struggle(C) from the Tsun Part B profile; Tsun's trial-focus reads the champion duel on its own terms; reviewed A3
DA05,Ill Met By Moonlight,105,Defend Sinding; spare the hunted (Ring of Hircine),protect_the_weak,Tsun,+,m,small,cross-gen candidate: protect_the_weak(m) from the Tsun Part B profile; reviewed A3
DA06,The Cursed Tribe,200,Defend Largashbur; prove worthier than Yamarz; lift the curse,prove_by_struggle,Tsun,+,C,small,cross-gen candidate: prove_by_struggle(C) from the Tsun Part B profile; reviewed A3
DA11,The Taste of Death,250,Kill Eola; save Verulus from the cannibals,protect_the_weak,Tsun,+,m,small,cross-gen candidate: protect_the_weak(m) from the Tsun Part B profile; reviewed A3
TG08B,Blindsighted,50,Slay the traitor Mercer Frey; recover the Skeleton Key,kill_honorable_combat,Tsun,+,S,small,cross-gen candidate: kill_honorable_combat(S) from the Tsun Part B profile; reviewed A3
CW01A,Joining the Legion,1,Clear out bandits at Fort Hraggstad (armed foes in battle),kill_honorable_combat,Tsun,+,m,small,"cross-gen candidate: kill_honorable_combat(S) from the Tsun Part B profile, stepped down; reviewed A3"
CW03,Message to Whiterun,16,"Assist Jarl Balgruuf with the dragon threat, defending Whiterun",protect_the_weak,Tsun,+,m,small,cross-gen candidate: protect_the_weak(m) from the Tsun Part B profile; reviewed A3
DB10,Death Incarnate,20,"Defended the burning Sanctuary, killing the Legion soldiers attacking the Family (defense outcome)",kill_honorable_combat,Tsun,+,m,small,"cross-gen candidate: kill_honorable_combat(S) from the Tsun Part B profile, stepped down; reviewed A3"
MQ201Malborn,(no name) [Malborn / Thalmor assassin],100,Killed the Khajiit Thalmor assassin lying in wait for Malborn,kill_honorable_combat,Tsun,+,m,small,"cross-gen candidate: kill_honorable_combat(S) from the Tsun Part B profile, stepped down; reviewed A3"
T01,The Heart of Dibella,200,Rescued Fjotra the kidnapped Sybil child from the Forsworn and restored her to the Temple of Dibella,protect_the_weak,Tsun,+,m,small,cross-gen candidate: protect_the_weak(m) from the Tsun Part B profile; reviewed A3
MS14,Laid to Rest,200,Destroyed the master vampire Movarth and his coven preying on Morthal,protect_the_weak,Tsun,+,m,small,cross-gen candidate: protect_the_weak(m) from the Tsun Part B profile; reviewed A3
dunHunterQST,Kyne's Sacred Trials,100,Completed the Sacred Trials of Kyne and received her blessing from Froki,prove_by_struggle,Tsun,+,C,small,"cross-gen candidate: prove_by_struggle(C) from the Tsun Part B profile; Tsun is the trial-god proper, strong fit; reviewed A3"
DA03,A Daedra's Best Friend,200,Reunite Barbas + Vile; Masque,mercy_spare,Stuhn,+,C,small,cross-gen candidate: mercy_spare(C) from the Stuhn Part B profile; reviewed A3
DA03,A Daedra's Best Friend,155,Kill loyal Barbas + keep the Rueful Axe,kill_the_helpless,Stuhn,-,C,small,"cross-gen candidate: kill_the_helpless(C) from the Stuhn Part B profile; opposite branch of the DA03 s200 mercy row, kept per opposite-branch allowance; reviewed A3"
DA05,Ill Met By Moonlight,105,Defend Sinding; spare the hunted (Ring of Hircine),mercy_spare,Stuhn,+,C,small,cross-gen candidate: mercy_spare(C) from the Stuhn Part B profile; reviewed A3
TG08A,Trinity Restored,57,Take the Nightingale Oath to Nocturnal,keep_oath,Stuhn,+,S,small,cross-gen candidate: keep_oath(S) from the Stuhn Part B profile; reviewed A3
TG09,Darkness Returns,200,Return the Skeleton Key to the Ebonmere; become Nightingale Agent,keep_oath,Stuhn,+,m,small,"cross-gen candidate: keep_oath(S) from the Stuhn Part B profile, stepped down; distinct oath-fulfillment milestone from TG08A; reviewed A3"
CW01A,Joining the Legion,160,Take the oath to join the Imperial Legion (serve the Empire),keep_oath,Stuhn,+,m,small,"cross-gen candidate: keep_oath(S) from the Stuhn Part B profile, stepped down; reviewed A3"
CW01B,Joining the Stormcloaks,160,Take the oath to join the Stormcloaks (Talos/Nord cause vs the Empire),keep_oath,Stuhn,+,m,small,"cross-gen candidate: keep_oath(S) from the Stuhn Part B profile, stepped down; reviewed A3"
CW03,Message to Whiterun,16,"Assist Jarl Balgruuf with the dragon threat, defending Whiterun",protect_the_weak,Stuhn,+,S,small,cross-gen candidate: protect_the_weak(S) from the Stuhn Part B profile; reviewed A3
MQ104,Dragon Rising,160,"Slay the dragon at the Western Watchtower in open battle, defending Whiterun",protect_the_weak,Stuhn,+,S,small,cross-gen candidate: protect_the_weak(S) from the Stuhn Part B profile; reviewed A3
T01,The Heart of Dibella,200,Rescued Fjotra the kidnapped Sybil child from the Forsworn and restored her to the Temple of Dibella,protect_the_weak,Stuhn,+,S,small,cross-gen candidate: protect_the_weak(S) from the Stuhn Part B profile; reviewed A3
MS14,Laid to Rest,200,Destroyed the master vampire Movarth and his coven preying on Morthal,protect_the_weak,Stuhn,+,S,small,cross-gen candidate: protect_the_weak(S) from the Stuhn Part B profile; reviewed A3
FreeformKolskeggrA,Kolskeggr Mine (reclaim),200,Drove the Forsworn from Kolskeggr so Pavo and the miners could return to honest work,uphold_law_justice,Stuhn,+,m,small,cross-gen candidate: uphold_law_justice(m) from the Stuhn Part B profile; reviewed A3
DA01,The Black Star,110,Complete the Black Star (give to Nelacar; traps mortal souls),serve_a_daedra:azura,Auri-El,-,m,small,"cross-gen candidate: serve_a_daedra:azura(S) from the Auri-El Part B profile, stepped down; reviewed A4"
DA08,The Whispering Door,60,Take Mephala's Ebony Blade (fed by slaying those close),serve_a_daedra:mephala,Auri-El,-,m,small,"cross-gen candidate: serve_a_daedra:mephala(S) from the Auri-El Part B profile, stepped down; reviewed A4"
DA10,The House of Horrors,200,Beat the captive priest into submission + kill him; Mace of Molag Bal,serve_a_daedra:molagbal,Auri-El,-,m,small,"cross-gen candidate: serve_a_daedra:molagbal(S) from the Auri-El Part B profile, stepped down; reviewed A4"
DA11,The Taste of Death,100,Feast on Verulus's corpse; Ring of Namira,serve_a_daedra:namira,Auri-El,-,m,small,"cross-gen candidate: serve_a_daedra:namira(S) from the Auri-El Part B profile, stepped down; reviewed A4"
DA16,Waking Nightmare,190,Murder Erandur (priest of Mara) + take the Skull of Corruption,serve_a_daedra:vaermina,Auri-El,-,m,small,"cross-gen candidate: serve_a_daedra:vaermina(S) from the Auri-El Part B profile, stepped down; reviewed A4"
CW01B,Joining the Stormcloaks,1,Kill the Ice Wraith at Serpentstone Isle to prove worthy,prove_by_struggle,Auri-El,+,m,small,"cross-gen candidate: prove_by_struggle(m) from the Auri-El Part B profile, stepped down; reviewed A4"
MQ303,The World-Eater's Eyrie,300,"I set Odahviing free, he flew me to Skuldafn; I fought my way to the top and entered Alduin's portal to Sovngarde (single outcome)",prove_by_struggle,Auri-El,+,m,small,"cross-gen candidate: prove_by_struggle(m) from the Auri-El Part B profile, stepped down; reviewed A4"
dunHunterQST,Kyne's Sacred Trials,100,Completed the Sacred Trials of Kyne and received her blessing from Froki,prove_by_struggle,Auri-El,+,m,small,"cross-gen candidate: prove_by_struggle(m) from the Auri-El Part B profile, stepped down; reviewed A4"
DLC1VQSaint,Impatience of a Saint,200,Gathered Saint Jiub's lost opus pages in the Soul Cairn and returned a trapped soul his life's work,honor_the_dead,Auri-El,+,m,small,"cross-gen candidate: honor_the_dead(m) from the Auri-El Part B profile, stepped down; reviewed A4"
FreeformKolskeggrA,Kolskeggr Mine (reclaim),200,Drove the Forsworn from Kolskeggr so Pavo and the miners could return to honest work,uphold_law_justice,Auri-El,+,m,small,"cross-gen candidate: uphold_law_justice(m) from the Auri-El Part B profile, stepped down; reviewed A4"
MG01,First Lessons,200,Entered the College and took up disciplined study,disciplined_study,Auri-El,+,m,small,"cross-gen candidate: disciplined_study(S) from the Auri-El Part B profile, stepped down; reviewed A4"
MG07,The Staff of Magnus,200,Claimed the Staff of Magnus from Labyrinthian,disciplined_study,Auri-El,+,m,small,"cross-gen candidate: disciplined_study(S) from the Auri-El Part B profile, stepped down; reviewed A4"
DA02,Boethiah's Calling,40,Sacrifice the trusting + defeat champion + don Ebony Mail,serve_a_daedra:boethiah,Auri-El,-,S,small,conflict adjudicated: disapprove serve_a_daedra:boethiah(S) dominates prove_by_struggle(m) -- human sacrifice is a direct soul-god concern; reviewed A4
DA06,The Cursed Tribe,200,Defend Largashbur; prove worthier than Yamarz; lift the curse,prove_by_struggle,Auri-El,+,m,small,"conflict adjudicated: approve prove_by_struggle(m) dominates -- net outcome is defending innocents and lifting a curse, not genuine daedra service; reviewed A4"
DA15,The Mind of Madness,200,Help Sheogorath return; the Wabbajack,sow_chaos_madness,Magnus,-,m,small,"cross-gen candidate: sow_chaos_madness(m) from the Magnus Part B profile, stepped down; reviewed A4"
DA08,The Whispering Door,60,Take Mephala's Ebony Blade (fed by slaying those close),keep_secret,Xarxes,+,m,small,"cross-gen candidate: keep_secret(m) from the Xarxes Part B profile, stepped down; reviewed A4"
DA15,The Mind of Madness,200,Help Sheogorath return; the Wabbajack,sow_chaos_madness,Xarxes,-,m,small,"cross-gen candidate: sow_chaos_madness(m) from the Xarxes Part B profile, stepped down; reviewed A4"
MQ304,Sovngarde,200,"Reached the Hall of Heroes; permitted by Shor to join Gormlaith, Hakon and Felldir against Alduin (single outcome)",honor_the_dead,Xarxes,+,C,small,"cross-gen candidate: honor_the_dead(C) from the Xarxes Part B profile, stepped down; reviewed A4"
DLC1VQSaint,Impatience of a Saint,200,Gathered Saint Jiub's lost opus pages in the Soul Cairn and returned a trapped soul his life's work,honor_the_dead,Xarxes,+,C,small,"cross-gen candidate: honor_the_dead(C) from the Xarxes Part B profile, stepped down; reviewed A4"
DA02,Boethiah's Calling,40,Sacrifice the trusting + defeat champion + don Ebony Mail,serve_a_daedra:boethiah,Trinimac,-,C,small,"cross-gen candidate: serve_a_daedra:boethiah(C) from the Trinimac Part B profile, stepped down; reviewed A4"
DA06,The Cursed Tribe,200,Defend Largashbur; prove worthier than Yamarz; lift the curse,kill_honorable_combat,Trinimac,+,m,small,"cross-gen candidate: kill_honorable_combat(S) from the Trinimac Part B profile, stepped down; reviewed A4"
TG08B,Blindsighted,50,Slay the traitor Mercer Frey; recover the Skeleton Key,kill_honorable_combat,Trinimac,+,m,small,"cross-gen candidate: kill_honorable_combat(S) from the Trinimac Part B profile, stepped down; reviewed A4"
C05,Purity of Revenge,200,Killed the armed Silver Hand in open battle to avenge a fallen leader (terminal),kill_honorable_combat,Trinimac,+,m,small,"cross-gen candidate: kill_honorable_combat(S) from the Trinimac Part B profile, stepped down; reviewed A4"
CW01A,Joining the Legion,160,Take the oath to join the Imperial Legion (serve the Empire),keep_oath,Trinimac,+,m,small,"cross-gen candidate: keep_oath(S) from the Trinimac Part B profile, stepped down; reviewed A4"
CW01B,Joining the Stormcloaks,160,Take the oath to join the Stormcloaks (Talos/Nord cause vs the Empire),keep_oath,Trinimac,+,m,small,"cross-gen candidate: keep_oath(S) from the Trinimac Part B profile, stepped down; reviewed A4"
CW03,Message to Whiterun,16,"Assist Jarl Balgruuf with the dragon threat, defending Whiterun",defend_kin_home,Trinimac,+,m,small,"cross-gen candidate: defend_kin_home(m) from the Trinimac Part B profile, stepped down; reviewed A4"
DB09,To Kill an Empire,200,Returned to the Sanctuary to lend aid to the Family under assault (defend branch),defend_kin_home,Trinimac,+,m,small,"cross-gen candidate: defend_kin_home(m) from the Trinimac Part B profile, stepped down; reviewed A4"
MQ305,Dragonslayer,200,Defeated Alduin the World-Eater in open battle in Sovngarde; freed Skyrim and Sovngarde (single outcome),kill_honorable_combat,Trinimac,+,m,small,"cross-gen candidate: kill_honorable_combat(S) from the Trinimac Part B profile, stepped down; reviewed A4"
DA05,Ill Met By Moonlight,105,Defend Sinding; spare the hunted (Ring of Hircine),the_hunt,Y'ffre,+,S,small,"cross-gen candidate: the_hunt(S) from the Y'ffre Part B profile, stepped down; REVIEW before promotion; reviewed A5"
DA03,A Daedra's Best Friend,200,Reunite Barbas + Vile; Masque,keep_oath,Z'en,+,m,small,"cross-gen candidate: keep_oath(m) from the Z'en Part B profile, stepped down; REVIEW before promotion; reviewed A5"
TG08A,Trinity Restored,57,Take the Nightingale Oath to Nocturnal,keep_oath,Z'en,+,m,small,"cross-gen candidate: keep_oath(m) from the Z'en Part B profile, stepped down; REVIEW before promotion; reviewed A5"
CW01A,Joining the Legion,160,Take the oath to join the Imperial Legion (serve the Empire),keep_oath,Z'en,+,m,small,"cross-gen candidate: keep_oath(m) from the Z'en Part B profile, stepped down; REVIEW before promotion; reviewed A5"
CW01B,Joining the Stormcloaks,160,Take the oath to join the Stormcloaks (Talos/Nord cause vs the Empire),keep_oath,Z'en,+,m,small,"cross-gen candidate: keep_oath(m) from the Z'en Part B profile, stepped down; REVIEW before promotion; reviewed A5"
DA02KillObj,Boethiah's Bidding,200,Assassinate the Jarl of Solitude by guile/stealth,deceit,Baan Dar,+,C,small,"cross-gen candidate: deceit(C) from the Baan Dar Part B profile, stepped down; REVIEW before promotion; reviewed A5"
DA06,The Cursed Tribe,200,Defend Largashbur; prove worthier than Yamarz; lift the curse,prove_by_struggle,Baan Dar,+,m,small,"cross-gen candidate: prove_by_struggle(m) from the Baan Dar Part B profile, stepped down; REVIEW before promotion; reviewed A5"
DA08,The Whispering Door,25,Manipulate the Jarl's child to open the door,deceit,Baan Dar,+,S,small,"cross-gen candidate: deceit(C) from the Baan Dar Part B profile, stepped down; REVIEW before promotion; reviewed A5"
C01,Proving Honor,200,Won my place by a judged trial of valor (terminal),prove_by_struggle,Baan Dar,+,m,small,"cross-gen candidate: prove_by_struggle(m) from the Baan Dar Part B profile, stepped down; REVIEW before promotion; reviewed A5"
CW01B,Joining the Stormcloaks,1,Kill the Ice Wraith at Serpentstone Isle to prove worthy,prove_by_struggle,Baan Dar,+,m,small,"cross-gen candidate: prove_by_struggle(m) from the Baan Dar Part B profile, stepped down; REVIEW before promotion; reviewed A5"
DB01,Innocence Lost,200,"Killed Grelod the Kind, the defenseless orphanage headmistress, on a child's Black Sacrament request",kill_the_helpless,Baan Dar,-,m,small,"cross-gen candidate: kill_the_helpless(m) from the Baan Dar Part B profile, stepped down; REVIEW before promotion; reviewed A5"
DB05,Bound Until Death,200,"Assassinated Vittoria Vici, the defenseless bride, at her own wedding",kill_the_helpless,Baan Dar,-,m,small,"cross-gen candidate: kill_the_helpless(m) from the Baan Dar Part B profile, stepped down; REVIEW before promotion; reviewed A5"
DB06,Breaching Security,200,Killed Gaius Maro and planted the Incriminating Letter to frame him (single outcome),deceit,Baan Dar,+,S,small,"cross-gen candidate: deceit(C) from the Baan Dar Part B profile, stepped down; REVIEW before promotion; reviewed A5"
DB08,Recipe for Disaster,200,"Killed Anton Virane, assassinated the Gourmet (single outcome)",theft_burglary,Baan Dar,+,m,small,"cross-gen candidate: theft_burglary(S) from the Baan Dar Part B profile, stepped down; REVIEW before promotion; reviewed A5"
DB09,To Kill an Empire,50,Infiltrated as the Gourmet and assassinated the decoy 'Emperor' by poison (single outcome),deceit,Baan Dar,+,S,small,"cross-gen candidate: deceit(C) from the Baan Dar Part B profile, stepped down; REVIEW before promotion; reviewed A5"
DB11,Hail Sithis!,70,Optionally killed the contractor Amaund Motierre after taking payment (optional kill branch),deceit,Baan Dar,+,S,small,"cross-gen candidate: deceit(C) from the Baan Dar Part B profile, stepped down; REVIEW before promotion; reviewed A5"
MQ105,The Way of the Voice,160,Pass the Greybeards' tests and trials to master the Voice,prove_by_struggle,Baan Dar,+,m,small,"cross-gen candidate: prove_by_struggle(m) from the Baan Dar Part B profile, stepped down; REVIEW before promotion; reviewed A5"
MQ305,Dragonslayer,200,Defeated Alduin the World-Eater in open battle in Sovngarde; freed Skyrim and Sovngarde (single outcome),prove_by_struggle,Baan Dar,+,m,small,"cross-gen candidate: prove_by_struggle(m) from the Baan Dar Part B profile, stepped down; REVIEW before promotion; reviewed A5"
dunHunterQST,Kyne's Sacred Trials,100,Completed the Sacred Trials of Kyne and received her blessing from Froki,prove_by_struggle,Baan Dar,+,m,small,"cross-gen candidate: prove_by_struggle(m) from the Baan Dar Part B profile, stepped down; REVIEW before promotion; reviewed A5"
DA02,Boethiah's Calling,40,Sacrifice the trusting + defeat champion + don Ebony Mail,deceit,Baan Dar,+,C,small,"conflict adjudication: deceit(C) dominates over kill_the_helpless(m) for Baan Dar -- the sacrifice is the trusting champion's own Boethiah-sanctioned trial (a clever reversal-of-fortune play, not a helpless-innocent kill); reviewed A5"
DA02,Boethiah's Calling,40,Sacrifice the trusting + defeat champion + don Ebony Mail,kill_the_helpless,Khenarthi,-,m,small,"cross-gen candidate: kill_the_helpless(m) from the Khenarthi Part B profile, stepped down; REVIEW before promotion; reviewed A5"
DA05,Ill Met By Moonlight,105,Defend Sinding; spare the hunted (Ring of Hircine),protect_the_weak,Khenarthi,+,S,small,"cross-gen candidate: protect_the_weak(S) from the Khenarthi Part B profile, stepped down; REVIEW before promotion; reviewed A5"
DA11,The Taste of Death,250,Kill Eola; save Verulus from the cannibals,protect_the_weak,Khenarthi,+,S,small,"cross-gen candidate: protect_the_weak(S) from the Khenarthi Part B profile, stepped down; REVIEW before promotion; reviewed A5"
DA16,Waking Nightmare,200,Allow Erandur to destroy the Skull; spare him,protect_the_weak,Khenarthi,+,S,small,"cross-gen candidate: protect_the_weak(S) from the Khenarthi Part B profile, stepped down; REVIEW before promotion; reviewed A5"
C06,Glory of the Dead,200,Honored the fallen Harbinger with funeral rites and passage to Sovngarde (terminal),honor_the_dead,Khenarthi,+,m,small,"cross-gen candidate: honor_the_dead(m) from the Khenarthi Part B profile, stepped down; REVIEW before promotion; reviewed A5"
DB01,Innocence Lost,200,"Killed Grelod the Kind, the defenseless orphanage headmistress, on a child's Black Sacrament request",kill_the_helpless,Khenarthi,-,m,small,"cross-gen candidate: kill_the_helpless(m) from the Khenarthi Part B profile, stepped down; REVIEW before promotion; reviewed A5"
DB05,Bound Until Death,200,"Assassinated Vittoria Vici, the defenseless bride, at her own wedding",kill_the_helpless,Khenarthi,-,m,small,"cross-gen candidate: kill_the_helpless(m) from the Khenarthi Part B profile, stepped down; REVIEW before promotion; reviewed A5"
MG03,Hitting the Books,55,,protect_the_weak,Khenarthi,+,m,small,"cross-gen candidate: protect_the_weak(S) from the Khenarthi Part B profile, stepped down; REVIEW before promotion; reviewed A5"
T01,The Heart of Dibella,200,Rescued Fjotra the kidnapped Sybil child from the Forsworn and restored her to the Temple of Dibella,protect_the_weak,Khenarthi,+,S,small,"cross-gen candidate: protect_the_weak(S) from the Khenarthi Part B profile, stepped down; REVIEW before promotion; reviewed A5"
MS14,Laid to Rest,200,Destroyed the master vampire Movarth and his coven preying on Morthal,protect_the_weak,Khenarthi,+,m,small,"cross-gen candidate: protect_the_weak(S) from the Khenarthi Part B profile, stepped down; REVIEW before promotion; reviewed A5"
DLC1VQSaint,Impatience of a Saint,200,Gathered Saint Jiub's lost opus pages in the Soul Cairn and returned a trapped soul his life's work,honor_the_dead,Khenarthi,+,m,small,"cross-gen candidate: honor_the_dead(m) from the Khenarthi Part B profile, stepped down; REVIEW before promotion; reviewed A5"
DA02KillObj,Boethiah's Bidding,200,Assassinate the Jarl of Solitude by guile/stealth,deceit,Rajhin,+,S,small,"cross-gen candidate: deceit(S) from the Rajhin Part B profile, stepped down; REVIEW before promotion; reviewed A5"
DA08,The Whispering Door,25,Manipulate the Jarl's child to open the door,deceit,Rajhin,+,S,small,"cross-gen candidate: deceit(S) from the Rajhin Part B profile, stepped down; REVIEW before promotion; reviewed A5"
DB06,Breaching Security,200,Killed Gaius Maro and planted the Incriminating Letter to frame him (single outcome),deceit,Rajhin,+,S,small,"cross-gen candidate: deceit(S) from the Rajhin Part B profile, stepped down; REVIEW before promotion; reviewed A5"
DB09,To Kill an Empire,50,Infiltrated as the Gourmet and assassinated the decoy 'Emperor' by poison (single outcome),deceit,Rajhin,+,S,small,"cross-gen candidate: deceit(S) from the Rajhin Part B profile, stepped down; REVIEW before promotion; reviewed A5"
DB11,Hail Sithis!,70,Optionally killed the contractor Amaund Motierre after taking payment (optional kill branch),deceit,Rajhin,+,S,small,"cross-gen candidate: deceit(S) from the Rajhin Part B profile, stepped down; REVIEW before promotion; reviewed A5"
DA02,Boethiah's Calling,40,Sacrifice the trusting + defeat champion + don Ebony Mail,deceit,Rajhin,+,S,small,"conflict adjudication: deceit(S) dominates over kill_the_helpless(m) for Rajhin -- an elegant, legend-making con on the champion outweighs a Boethiah-sanctioned ritual duel as a helpless-kill read; reviewed A5"
DA06,The Cursed Tribe,200,Defend Largashbur; prove worthier than Yamarz; lift the curse,kill_honorable_combat,Alkosh,+,m,small,"cross-gen candidate: kill_honorable_combat(S) from the Alkosh Part B profile, stepped down; REVIEW before promotion; reviewed A5"
DA07,Pieces of the Past,100,Kill Silus for Dagon; reforge Mehrunes' Razor,sow_chaos_madness,Alkosh,-,S,small,"cross-gen candidate: sow_chaos_madness(C) from the Alkosh Part B profile, stepped down; REVIEW before promotion; reviewed A5"
DA15,The Mind of Madness,200,Help Sheogorath return; the Wabbajack,sow_chaos_madness,Alkosh,-,S,small,"cross-gen candidate: sow_chaos_madness(C) from the Alkosh Part B profile, stepped down; REVIEW before promotion; reviewed A5"
TG08B,Blindsighted,50,Slay the traitor Mercer Frey; recover the Skeleton Key,kill_honorable_combat,Alkosh,+,m,small,"cross-gen candidate: kill_honorable_combat(S) from the Alkosh Part B profile, stepped down; REVIEW before promotion; reviewed A5"
C03,The Silver Hand,200,Killed armed Silver Hand foes in open battle (terminal),kill_honorable_combat,Alkosh,+,m,small,"cross-gen candidate: kill_honorable_combat(S) from the Alkosh Part B profile, stepped down; REVIEW before promotion; reviewed A5"
CW01A,Joining the Legion,1,Clear out bandits at Fort Hraggstad (armed foes in battle),kill_honorable_combat,Alkosh,+,m,small,"cross-gen candidate: kill_honorable_combat(S) from the Alkosh Part B profile, stepped down; REVIEW before promotion; reviewed A5"
CW03,Message to Whiterun,50,Imperial branch: Jarl sides with the Empire; serve Imperial field command,serve_empire_order,Alkosh,+,m,small,"cross-gen candidate: serve_empire_order(m) from the Alkosh Part B profile, stepped down; REVIEW before promotion; reviewed A5"
DB10,Death Incarnate,20,"Defended the burning Sanctuary, killing the Legion soldiers attacking the Family (defense outcome)",kill_honorable_combat,Alkosh,+,m,small,"cross-gen candidate: kill_honorable_combat(S) from the Alkosh Part B profile, stepped down; REVIEW before promotion; reviewed A5"
MQ201Malborn,(no name) [Malborn / Thalmor assassin],100,Killed the Khajiit Thalmor assassin lying in wait for Malborn,kill_honorable_combat,Alkosh,+,m,small,"cross-gen candidate: kill_honorable_combat(S) from the Alkosh Part B profile, stepped down; REVIEW before promotion; reviewed A5"
MQ303,The World-Eater's Eyrie,300,"I set Odahviing free, he flew me to Skuldafn; I fought my way to the top and entered Alduin's portal to Sovngarde (single outcome)",kill_honorable_combat,Alkosh,+,m,small,"cross-gen candidate: kill_honorable_combat(S) from the Alkosh Part B profile, stepped down; REVIEW before promotion; reviewed A5"
FreeformKolskeggrA,Kolskeggr Mine (reclaim),200,Drove the Forsworn from Kolskeggr so Pavo and the miners could return to honest work,uphold_law_justice,Alkosh,+,m,small,"cross-gen candidate: uphold_law_justice(m) from the Alkosh Part B profile, stepped down; REVIEW before promotion; reviewed A5"
DA10,The House of Horrors,200,Beat the captive priest into submission + kill him; Mace of Molag Bal,serve_a_daedra:molagbal,Azura,-,S,small,cross-gen candidate: serve_a_daedra:molagbal(S) from the Azura Part B profile; reviewed A6
DA11,The Taste of Death,100,Feast on Verulus's corpse; Ring of Namira,desecrate_the_dead,Azura,-,m,small,"cross-gen candidate: desecrate_the_dead(m) from the Azura Part B profile, stepped down; reviewed A6"
MG04,Good Intentions,200,Heeded the Augur and carried warning to the Arch-Mage,disciplined_study,Azura,+,m,small,"cross-gen candidate: disciplined_study(m) from the Azura Part B profile, prophetic-warning fit; reviewed A6"
MG07,The Staff of Magnus,30,Destroyed the risen dead beneath Labyrinthian,slay_undead,Azura,+,m,small,"cross-gen candidate: slay_undead(m) from the Azura Part B profile, stepped down; reviewed A6"
MS14,Laid to Rest,200,Destroyed the master vampire Movarth and his coven preying on Morthal,slay_undead,Azura,+,m,small,"cross-gen candidate: slay_undead(m) from the Azura Part B profile, stepped down; reviewed A6"
DA03,A Daedra's Best Friend,155,Kill loyal Barbas + keep the Rueful Axe,murder_treacherous,Boethiah,+,m,small,"cross-gen candidate: murder_treacherous(S) from the Boethiah Part B profile, stepped down; reviewed A6"
DA06,The Cursed Tribe,200,Defend Largashbur; prove worthier than Yamarz; lift the curse,prove_by_struggle,Boethiah,+,C,small,"cross-gen candidate: prove_by_struggle(C) from the Boethiah Part B profile, strong anchor fit; reviewed A6"
DA07,Pieces of the Past,100,Kill Silus for Dagon; reforge Mehrunes' Razor,murder_treacherous,Boethiah,+,m,small,"cross-gen candidate: murder_treacherous(S) from the Boethiah Part B profile, stepped down; reviewed A6"
DA08,The Whispering Door,25,Manipulate the Jarl's child to open the door,deceit,Boethiah,+,m,small,"cross-gen candidate: deceit(S) from the Boethiah Part B profile, stepped down; reviewed A6"
DA10,The House of Horrors,200,Beat the captive priest into submission + kill him; Mace of Molag Bal,murder_treacherous,Boethiah,+,m,small,"cross-gen candidate: murder_treacherous(S) from the Boethiah Part B profile, stepped down; reviewed A6"
DA16,Waking Nightmare,190,Murder Erandur (priest of Mara) + take the Skull of Corruption,murder_treacherous,Boethiah,+,m,small,"cross-gen candidate: murder_treacherous(S) from the Boethiah Part B profile, stepped down; reviewed A6"
DB02,With Friends Like These...,200,"Killed one of three bound, innocent captives to repay the debt and gain entry to the Sanctuary",murder_treacherous,Boethiah,+,m,small,"cross-gen candidate: murder_treacherous(S) from the Boethiah Part B profile, stepped down; reviewed A6"
DB03,Mourning Never Comes,30,"OPTIONAL: killed Nilsine Shatter-Shield, an innocent, for the bonus",murder_treacherous,Boethiah,+,m,small,"cross-gen candidate: murder_treacherous(S) from the Boethiah Part B profile, stepped down; reviewed A6"
DB05,Bound Until Death,200,"Assassinated Vittoria Vici, the defenseless bride, at her own wedding",murder_treacherous,Boethiah,+,m,small,"cross-gen candidate: murder_treacherous(S) from the Boethiah Part B profile, stepped down; reviewed A6"
MQ305,Dragonslayer,200,Defeated Alduin the World-Eater in open battle in Sovngarde; freed Skyrim and Sovngarde (single outcome),prove_by_struggle,Boethiah,+,S,small,"cross-gen candidate: prove_by_struggle(C) from the Boethiah Part B profile, single best stage of Alduin arc; reviewed A6"
TG00,A Chance Arrangement,200,Stole Madesi's Ring and planted it on Brand-Shei to frame him at Brynjolf's behest (single outcome),deceit,Boethiah,+,m,small,"cross-gen candidate: deceit(S) from the Boethiah Part B profile, stepped down; reviewed A6"
TG03,Dampened Spirits,200,Framed Honningbrew's owner Sabjorn via poisoned mead to have him imprisoned for Maven (single outcome),deceit,Boethiah,+,m,small,"cross-gen candidate: deceit(S) from the Boethiah Part B profile, stepped down; reviewed A6"
TG04,Scoundrel's Folly,200,Shadowed and coerced Gulum-Ei into confessing; optionally stole Firebrand Wine (single outcome),deceit,Boethiah,+,m,small,"cross-gen candidate: deceit(S) from the Boethiah Part B profile, stepped down; reviewed A6"
DA03,A Daedra's Best Friend,155,Kill loyal Barbas + keep the Rueful Axe,murder_treacherous,Mephala,+,m,small,"cross-gen candidate: murder_treacherous(S) from the Mephala Part B profile, stepped down; reviewed A6"
DA07,Pieces of the Past,100,Kill Silus for Dagon; reforge Mehrunes' Razor,murder_treacherous,Mephala,+,m,small,"cross-gen candidate: murder_treacherous(S) from the Mephala Part B profile, stepped down; reviewed A6"
DA10,The House of Horrors,200,Beat the captive priest into submission + kill him; Mace of Molag Bal,murder_treacherous,Mephala,+,m,small,"cross-gen candidate: murder_treacherous(S) from the Mephala Part B profile, stepped down; reviewed A6"
DA16,Waking Nightmare,190,Murder Erandur (priest of Mara) + take the Skull of Corruption,murder_treacherous,Mephala,+,m,small,"cross-gen candidate: murder_treacherous(S) from the Mephala Part B profile, stepped down; reviewed A6"
TG01,Taking Care of Business,200,Strong-armed three Riften shopkeepers to collect debts (extortion); optional theft branches,theft_burglary,Mephala,+,m,small,"cross-gen candidate: theft_burglary(S) from the Mephala Part B profile, stepped down; reviewed A6"
TG02,Loud and Clear,200,"Joined the Thieves Guild, then burned Goldenglow's hives and cleared Aringoth's safe",theft_burglary,Mephala,+,m,small,"cross-gen candidate: theft_burglary(S) from the Mephala Part B profile, stepped down; reviewed A6"
TG06,Hard Answers,200,Broke into Calcelmo's museum and stole/copied his Falmer translation notes (single outcome),theft_burglary,Mephala,+,m,small,"cross-gen candidate: theft_burglary(S) from the Mephala Part B profile, stepped down; reviewed A6"
TG07,The Pursuit,200,Infiltrated and burgled Mercer Frey's Riftweald Manor to discover his heist plans (single outcome),theft_burglary,Mephala,+,m,small,"cross-gen candidate: theft_burglary(S) from the Mephala Part B profile, stepped down; reviewed A6"
DA02KillObj,Boethiah's Bidding,200,Assassinate the Jarl of Solitude by guile/stealth,deceit,Malacath,-,m,small,"cross-gen candidate: deceit(m) from the Malacath Part B profile, stepped down; reviewed A6"
DA08,The Whispering Door,25,Manipulate the Jarl's child to open the door,deceit,Malacath,-,m,small,"cross-gen candidate: deceit(m) from the Malacath Part B profile, stepped down; reviewed A6"
TG08A,Trinity Restored,57,Take the Nightingale Oath to Nocturnal,keep_oath,Malacath,+,S,small,"cross-gen candidate: keep_oath(C) from the Malacath Part B profile, stepped down; reviewed A6"
TG08B,Blindsighted,50,Slay the traitor Mercer Frey; recover the Skeleton Key,kill_honorable_combat,Malacath,+,m,small,"cross-gen candidate: kill_honorable_combat(S) from the Malacath Part B profile, stepped down; reviewed A6"
TG09,Darkness Returns,200,Return the Skeleton Key to the Ebonmere; become Nightingale Agent,keep_oath,Malacath,+,S,small,"cross-gen candidate: keep_oath(C) from the Malacath Part B profile, stepped down; reviewed A6"
C03,The Silver Hand,200,Killed armed Silver Hand foes in open battle (terminal),kill_honorable_combat,Malacath,+,m,small,"cross-gen candidate: kill_honorable_combat(S) from the Malacath Part B profile, stepped down; reviewed A6"
C04,Blood's Honor,200,Slew the hostile Glenmoril Witches in battle (terminal),kill_honorable_combat,Malacath,+,m,small,"cross-gen candidate: kill_honorable_combat(S) from the Malacath Part B profile, stepped down; reviewed A6"
C05,Purity of Revenge,200,Killed the armed Silver Hand in open battle to avenge a fallen leader (terminal),kill_honorable_combat,Malacath,+,m,small,"cross-gen candidate: kill_honorable_combat(S) from the Malacath Part B profile, stepped down; reviewed A6"
DB06,Breaching Security,200,Killed Gaius Maro and planted the Incriminating Letter to frame him (single outcome),deceit,Malacath,-,m,small,"cross-gen candidate: deceit(m) from the Malacath Part B profile, stepped down; reviewed A6"
DB09,To Kill an Empire,50,Infiltrated as the Gourmet and assassinated the decoy 'Emperor' by poison (single outcome),deceit,Malacath,-,m,small,"cross-gen candidate: deceit(m) from the Malacath Part B profile, stepped down; reviewed A6"
DB09,To Kill an Empire,200,Returned to the Sanctuary to lend aid to the Family under assault (defend branch),defend_kin_home,Malacath,+,S,small,cross-gen candidate: defend_kin_home(S) from the Malacath Part B profile; reviewed A6
DB11,Hail Sithis!,70,Optionally killed the contractor Amaund Motierre after taking payment (optional kill branch),deceit,Malacath,-,m,small,"cross-gen candidate: deceit(m) from the Malacath Part B profile, stepped down; reviewed A6"
MQ105,The Way of the Voice,160,Pass the Greybeards' tests and trials to master the Voice,prove_by_struggle,Malacath,+,m,small,"cross-gen candidate: prove_by_struggle(m) from the Malacath Part B profile, stepped down; reviewed A6"
MQ105U,The Horn of Jurgen Windcaller,60,"Complete the Greybeards' final trial, retrieving the Horn of Jurgen Windcaller",prove_by_struggle,Malacath,+,m,small,"cross-gen candidate: prove_by_struggle(m) from the Malacath Part B profile, stepped down; reviewed A6"
MQ201,Diplomatic Immunity,250,"Infiltrate the Thalmor Embassy and uncover their dealings, acting against the Thalmor",deceit,Malacath,-,m,small,"cross-gen candidate: deceit(m) from the Malacath Part B profile, stepped down; reviewed A6"
MQ201Malborn,(no name) [Malborn / Thalmor assassin],100,Killed the Khajiit Thalmor assassin lying in wait for Malborn,kill_honorable_combat,Malacath,+,m,small,"cross-gen candidate: kill_honorable_combat(S) from the Malacath Part B profile, stepped down; reviewed A6"
MQ304,Sovngarde,200,"Reached the Hall of Heroes; permitted by Shor to join Gormlaith, Hakon and Felldir against Alduin (single outcome)",prove_by_struggle,Malacath,+,m,small,"cross-gen candidate: prove_by_struggle(m) from the Malacath Part B profile, single best struggle-stage of arc; reviewed A6"
TG00,A Chance Arrangement,200,Stole Madesi's Ring and planted it on Brand-Shei to frame him at Brynjolf's behest (single outcome),deceit,Malacath,-,m,small,"cross-gen candidate: deceit(m) from the Malacath Part B profile, stepped down; reviewed A6"
TG03,Dampened Spirits,200,Framed Honningbrew's owner Sabjorn via poisoned mead to have him imprisoned for Maven (single outcome),deceit,Malacath,-,m,small,"cross-gen candidate: deceit(m) from the Malacath Part B profile, stepped down; reviewed A6"
TG04,Scoundrel's Folly,200,Shadowed and coerced Gulum-Ei into confessing; optionally stole Firebrand Wine (single outcome),deceit,Malacath,-,m,small,"cross-gen candidate: deceit(m) from the Malacath Part B profile, stepped down; reviewed A6"
dunHunterQST,Kyne's Sacred Trials,100,Completed the Sacred Trials of Kyne and received her blessing from Froki,prove_by_struggle,Malacath,+,m,small,"cross-gen candidate: prove_by_struggle(m) from the Malacath Part B profile, stepped down; reviewed A6"
DA02,Boethiah's Calling,40,Sacrifice the trusting + defeat champion + don Ebony Mail,deceit,Malacath,-,m,small,conflict adjudication: betrayal of an innocent's trust dominates over the incidental combat beat; deceit(m) disapprove per Malacath Part B profile; reviewed A6
T03,The Blessings of Nature,200,"Restored the sacred Gildergreen, holy tree of Kynareth in Whiterun",honor_the_wild,The Hist,+,m,small,"cross-gen candidate: honor_the_wild(S) from the The Hist Part B profile, stepped down; reviewed A6"
T03,The Blessings of Nature,100,"Tapped the ancient Eldergleam with Nettlebane, wounding the sacred tree (sap branch)",defile_nature,The Hist,-,m,small,"cross-gen candidate: defile_nature(S) from the The Hist Part B profile, opposite branch of T03 kept alongside honor_the_wild stage; reviewed A6"
MQ304,Sovngarde,200,"Reached the Hall of Heroes; permitted by Shor to join Gormlaith, Hakon and Felldir against Alduin (single outcome)",honor_the_dead,Tu'whacca,+,S,small,"cross-gen candidate: honor_the_dead(C) from the Tu'whacca Part B profile, stepped down; REVIEW before promotion; reviewed A7"
DLC1VQSaint,Impatience of a Saint,200,Gathered Saint Jiub's lost opus pages in the Soul Cairn and returned a trapped soul his life's work,honor_the_dead,Tu'whacca,+,m,small,"cross-gen candidate: honor_the_dead(C) from the Tu'whacca Part B profile, stepped down; REVIEW before promotion; reviewed A7"
DLC1SeranaCureSelfQuest,Serana's Cure,200,Serana returned from Falion cured of vampirism,cure_undeath,Tu'whacca,+,m,small,"cross-gen candidate: cure_undeath(m) from the Tu'whacca Part B profile, stepped down; REVIEW before promotion; reviewed A7"
DA02,Boethiah's Calling,40,Sacrifice the trusting + defeat champion + don Ebony Mail,prove_by_struggle,HoonDing,+,S,small,"cross-gen candidate: prove_by_struggle(C) from the HoonDing Part B profile, stepped down; REVIEW before promotion; reviewed A7"
DA06,The Cursed Tribe,200,Defend Largashbur; prove worthier than Yamarz; lift the curse,prove_by_struggle,HoonDing,+,S,small,"cross-gen candidate: prove_by_struggle(C) from the HoonDing Part B profile, stepped down; REVIEW before promotion; reviewed A7"
CW01B,Joining the Stormcloaks,1,Kill the Ice Wraith at Serpentstone Isle to prove worthy,prove_by_struggle,HoonDing,+,S,small,"cross-gen candidate: prove_by_struggle(C) from the HoonDing Part B profile, stepped down; REVIEW before promotion; reviewed A7"
DB09,To Kill an Empire,200,Returned to the Sanctuary to lend aid to the Family under assault (defend branch),defend_kin_home,HoonDing,+,S,small,"cross-gen candidate: defend_kin_home(S) from the HoonDing Part B profile, restored to profile intensity; REVIEW before promotion; reviewed A7"
DB10,Death Incarnate,20,"Defended the burning Sanctuary, killing the Legion soldiers attacking the Family (defense outcome)",defend_kin_home,HoonDing,+,S,small,"cross-gen candidate: defend_kin_home(S) from the HoonDing Part B profile, restored to profile intensity; REVIEW before promotion; reviewed A7"
DA02,Boethiah's Calling,40,Sacrifice the trusting + defeat champion + don Ebony Mail,murder_treacherous,Leki,-,m,small,"cross-gen candidate: murder_treacherous(S) from the Leki Part B profile, stepped down; REVIEW before promotion; reviewed A7"
DA02KillObj,Boethiah's Bidding,200,Assassinate the Jarl of Solitude by guile/stealth,murder_treacherous,Leki,-,m,small,"cross-gen candidate: murder_treacherous(S) from the Leki Part B profile, stepped down; REVIEW before promotion; reviewed A7"
DA03,A Daedra's Best Friend,155,Kill loyal Barbas + keep the Rueful Axe,murder_treacherous,Leki,-,m,small,"cross-gen candidate: murder_treacherous(S) from the Leki Part B profile, stepped down; REVIEW before promotion; reviewed A7"
DA06,The Cursed Tribe,200,Defend Largashbur; prove worthier than Yamarz; lift the curse,kill_honorable_combat,Leki,+,m,small,"cross-gen candidate: kill_honorable_combat(S) from the Leki Part B profile, stepped down; REVIEW before promotion; reviewed A7"
DA07,Pieces of the Past,100,Kill Silus for Dagon; reforge Mehrunes' Razor,murder_treacherous,Leki,-,m,small,"cross-gen candidate: murder_treacherous(S) from the Leki Part B profile, stepped down; REVIEW before promotion; reviewed A7"
DA10,The House of Horrors,200,Beat the captive priest into submission + kill him; Mace of Molag Bal,murder_treacherous,Leki,-,m,small,"cross-gen candidate: murder_treacherous(S) from the Leki Part B profile, stepped down; REVIEW before promotion; reviewed A7"
DA16,Waking Nightmare,190,Murder Erandur (priest of Mara) + take the Skull of Corruption,murder_treacherous,Leki,-,m,small,"cross-gen candidate: murder_treacherous(S) from the Leki Part B profile, stepped down; REVIEW before promotion; reviewed A7"
TG08B,Blindsighted,50,Slay the traitor Mercer Frey; recover the Skeleton Key,kill_honorable_combat,Leki,+,m,small,"cross-gen candidate: kill_honorable_combat(S) from the Leki Part B profile, stepped down; REVIEW before promotion; reviewed A7"
C03,The Silver Hand,200,Killed armed Silver Hand foes in open battle (terminal),kill_honorable_combat,Leki,+,m,small,"cross-gen candidate: kill_honorable_combat(S) from the Leki Part B profile, stepped down; REVIEW before promotion; reviewed A7"
C04,Blood's Honor,200,Slew the hostile Glenmoril Witches in battle (terminal),kill_honorable_combat,Leki,+,m,small,"cross-gen candidate: kill_honorable_combat(S) from the Leki Part B profile, stepped down; REVIEW before promotion; reviewed A7"
C05,Purity of Revenge,200,Killed the armed Silver Hand in open battle to avenge a fallen leader (terminal),kill_honorable_combat,Leki,+,m,small,"cross-gen candidate: kill_honorable_combat(S) from the Leki Part B profile, stepped down; REVIEW before promotion; reviewed A7"
CW01A,Joining the Legion,1,Clear out bandits at Fort Hraggstad (armed foes in battle),kill_honorable_combat,Leki,+,m,small,"cross-gen candidate: kill_honorable_combat(S) from the Leki Part B profile, stepped down; REVIEW before promotion; reviewed A7"
CW01B,Joining the Stormcloaks,1,Kill the Ice Wraith at Serpentstone Isle to prove worthy,kill_honorable_combat,Leki,+,m,small,"cross-gen candidate: kill_honorable_combat(S) from the Leki Part B profile, stepped down; REVIEW before promotion; reviewed A7"
DB03,Mourning Never Comes,30,"OPTIONAL: killed Nilsine Shatter-Shield, an innocent, for the bonus",murder_treacherous,Leki,-,m,small,"cross-gen candidate: murder_treacherous(S) from the Leki Part B profile, stepped down; REVIEW before promotion; reviewed A7"
DB06,Breaching Security,200,Killed Gaius Maro and planted the Incriminating Letter to frame him (single outcome),murder_treacherous,Leki,-,m,small,"cross-gen candidate: murder_treacherous(S) from the Leki Part B profile, stepped down; REVIEW before promotion; reviewed A7"
DB07,The Cure for Madness,200,Hunted down and killed Cicero on Astrid's order (kill branch),murder_treacherous,Leki,-,m,small,"cross-gen candidate: murder_treacherous(S) from the Leki Part B profile, stepped down; REVIEW before promotion; reviewed A7"
DB08,Recipe for Disaster,200,"Killed Anton Virane, assassinated the Gourmet (single outcome)",murder_treacherous,Leki,-,m,small,"cross-gen candidate: murder_treacherous(S) from the Leki Part B profile, stepped down; REVIEW before promotion; reviewed A7"
DB09,To Kill an Empire,50,Infiltrated as the Gourmet and assassinated the decoy 'Emperor' by poison (single outcome),murder_treacherous,Leki,-,m,small,"cross-gen candidate: murder_treacherous(S) from the Leki Part B profile, stepped down; REVIEW before promotion; reviewed A7"
DB10,Death Incarnate,20,"Defended the burning Sanctuary, killing the Legion soldiers attacking the Family (defense outcome)",kill_honorable_combat,Leki,+,m,small,"cross-gen candidate: kill_honorable_combat(S) from the Leki Part B profile, stepped down; REVIEW before promotion; reviewed A7"
DB11,Hail Sithis!,200,"Boarded the Katariah and assassinated the true Emperor, Titus Mede II (single outcome)",murder_treacherous,Leki,-,m,small,"cross-gen candidate: murder_treacherous(S) from the Leki Part B profile, stepped down; REVIEW before promotion; reviewed A7"
MQ201Malborn,(no name) [Malborn / Thalmor assassin],100,Killed the Khajiit Thalmor assassin lying in wait for Malborn,kill_honorable_combat,Leki,+,m,small,"cross-gen candidate: kill_honorable_combat(S) from the Leki Part B profile, stepped down; REVIEW before promotion; reviewed A7"
MQ303,The World-Eater's Eyrie,300,"I set Odahviing free, he flew me to Skuldafn; I fought my way to the top and entered Alduin's portal to Sovngarde (single outcome)",kill_honorable_combat,Leki,+,m,small,"cross-gen candidate: kill_honorable_combat(S) from the Leki Part B profile, stepped down; REVIEW before promotion; reviewed A7"
MQ305,Dragonslayer,200,Defeated Alduin the World-Eater in open battle in Sovngarde; freed Skyrim and Sovngarde (single outcome),kill_honorable_combat,Leki,+,S,small,"cross-gen candidate: kill_honorable_combat(S) from the Leki Part B profile, restored to profile intensity; REVIEW before promotion; reviewed A7"
DA01,The Black Star,100,Cleanse Azura's Star (give to Aranea/Azura),destroy_reject_daedra:molagbal,Meridia,+,m,small,"cross-gen candidate: destroy_reject_daedra:molagbal(m) from the Meridia Part B profile, stepped down; REVIEW before promotion; reviewed A7"
DA11,The Taste of Death,100,Feast on Verulus's corpse; Ring of Namira,desecrate_the_dead,Meridia,-,S,small,"cross-gen candidate: desecrate_the_dead(S) from the Meridia Part B profile, restored to profile intensity; REVIEW before promotion; reviewed A7"
DLC1SeranaCureSelfQuest,Serana's Cure,200,Serana returned from Falion cured of vampirism,cure_undeath,Meridia,+,S,small,"cross-gen candidate: cure_undeath(S) from the Meridia Part B profile, restored to profile intensity; REVIEW before promotion; reviewed A7"
DA06,The Cursed Tribe,200,Defend Largashbur; prove worthier than Yamarz; lift the curse,kill_honorable_combat,Hircine,+,S,small,"cross-gen candidate: kill_honorable_combat(S) from the Hircine Part B profile, restored to profile intensity; REVIEW before promotion; reviewed A7"
TG08B,Blindsighted,50,Slay the traitor Mercer Frey; recover the Skeleton Key,kill_honorable_combat,Hircine,+,m,small,"cross-gen candidate: kill_honorable_combat(S) from the Hircine Part B profile, stepped down; REVIEW before promotion; reviewed A7"
C03,The Silver Hand,200,Killed armed Silver Hand foes in open battle (terminal),kill_honorable_combat,Hircine,+,S,small,"cross-gen candidate: kill_honorable_combat(S) from the Hircine Part B profile, restored to profile intensity; REVIEW before promotion; reviewed A7"
C04,Blood's Honor,200,Slew the hostile Glenmoril Witches in battle (terminal),kill_honorable_combat,Hircine,+,m,small,"cross-gen candidate: kill_honorable_combat(S) from the Hircine Part B profile, stepped down; REVIEW before promotion; reviewed A7"
C05,Purity of Revenge,200,Brought ruin to the Silver Hand - wiped out the faction that hunts and butchers Hircine's werewolves,kill_honorable_combat,Hircine,+,S,small,"PROMOTED 2026-07-09 (was cross-gen REVIEW): the Silver Hand are the werewolf-hunters who harvest beastblood, so destroying them is Hircine's thematic enemy put down as worthy prey - full S, not the stepped-down generic 'avenge a leader' read. Pairs with the CR13 Purity cure DISLIKE (smash the hunters +, cure the beast -)."
CW01B,Joining the Stormcloaks,1,Kill the Ice Wraith at Serpentstone Isle to prove worthy,kill_honorable_combat,Hircine,+,S,small,"cross-gen candidate: kill_honorable_combat(S) from the Hircine Part B profile, restored to profile intensity; REVIEW before promotion; reviewed A7"
MQ303,The World-Eater's Eyrie,300,"I set Odahviing free, he flew me to Skuldafn; I fought my way to the top and entered Alduin's portal to Sovngarde (single outcome)",kill_honorable_combat,Hircine,+,m,small,"cross-gen candidate: kill_honorable_combat(S) from the Hircine Part B profile, stepped down; REVIEW before promotion; reviewed A7"
MQ305,Dragonslayer,200,Defeated Alduin the World-Eater in open battle in Sovngarde; freed Skyrim and Sovngarde (single outcome),kill_honorable_combat,Hircine,+,S,small,"cross-gen candidate: kill_honorable_combat(S) from the Hircine Part B profile, restored to profile intensity; REVIEW before promotion; reviewed A7"
DA02,Boethiah's Calling,40,Sacrifice the trusting + defeat champion + don Ebony Mail,kill_the_helpless,Molag Bal,+,C,small,"cross-gen candidate: kill_the_helpless(C) from the Molag Bal Part B profile, stepped down; reviewed A8"
DA02KillObj,Boethiah's Bidding,200,Assassinate the Jarl of Solitude by guile/stealth,murder_treacherous,Molag Bal,+,S,small,"cross-gen candidate: murder_treacherous(S) from the Molag Bal Part B profile, stepped down; reviewed A8"
DA03,A Daedra's Best Friend,200,Reunite Barbas + Vile; Masque,mercy_spare,Molag Bal,-,S,small,"cross-gen candidate: mercy_spare(S) from the Molag Bal Part B profile, stepped down; reviewed A8"
DA03,A Daedra's Best Friend,155,Kill loyal Barbas + keep the Rueful Axe,kill_the_helpless,Molag Bal,+,C,small,"cross-gen candidate: kill_the_helpless(C) from the Molag Bal Part B profile, stepped down; reviewed A8"
DA05,Ill Met By Moonlight,105,Defend Sinding; spare the hunted (Ring of Hircine),mercy_spare,Molag Bal,-,S,small,"cross-gen candidate: mercy_spare(S) from the Molag Bal Part B profile, stepped down; reviewed A8"
DA07,Pieces of the Past,100,Kill Silus for Dagon; reforge Mehrunes' Razor,murder_treacherous,Molag Bal,+,S,small,"cross-gen candidate: murder_treacherous(S) from the Molag Bal Part B profile, stepped down; reviewed A8"
DA07,Pieces of the Past,150,Refuse to kill Silus; reject Dagon,mercy_spare,Molag Bal,-,S,small,"cross-gen candidate: mercy_spare(S) from the Molag Bal Part B profile, stepped down; reviewed A8"
DA11,The Taste of Death,100,Feast on Verulus's corpse; Ring of Namira,kill_the_helpless,Molag Bal,+,C,small,"cross-gen candidate: kill_the_helpless(C) from the Molag Bal Part B profile, stepped down; reviewed A8"
DA11,The Taste of Death,250,Kill Eola; save Verulus from the cannibals,mercy_spare,Molag Bal,-,S,small,"cross-gen candidate: mercy_spare(S) from the Molag Bal Part B profile, stepped down; reviewed A8"
DA16,Waking Nightmare,190,Murder Erandur (priest of Mara) + take the Skull of Corruption,murder_treacherous,Molag Bal,+,S,small,"cross-gen candidate: murder_treacherous(S) from the Molag Bal Part B profile, stepped down; reviewed A8"
DA16,Waking Nightmare,200,Allow Erandur to destroy the Skull; spare him,mercy_spare,Molag Bal,-,S,small,"cross-gen candidate: mercy_spare(S) from the Molag Bal Part B profile, stepped down; reviewed A8"
CW03,Message to Whiterun,16,"Assist Jarl Balgruuf with the dragon threat, defending Whiterun",protect_the_weak,Molag Bal,-,m,small,"cross-gen candidate: protect_the_weak(m) from the Molag Bal Part B profile, stepped down; reviewed A8"
DB06,Breaching Security,200,Killed Gaius Maro and planted the Incriminating Letter to frame him (single outcome),murder_treacherous,Molag Bal,+,S,small,"cross-gen candidate: murder_treacherous(S) from the Molag Bal Part B profile, stepped down; reviewed A8"
DB07,The Cure for Madness,200,Hunted down and killed Cicero on Astrid's order (kill branch),murder_treacherous,Molag Bal,+,S,small,"cross-gen candidate: murder_treacherous(S) from the Molag Bal Part B profile, stepped down; reviewed A8"
DB07,The Cure for Madness,50,Spared Cicero by leaving the Sanctuary without killing him (spare branch),mercy_spare,Molag Bal,-,m,small,"cross-gen candidate: mercy_spare(S) from the Molag Bal Part B profile, stepped down; reviewed A8"
DB08,Recipe for Disaster,200,"Killed Anton Virane, assassinated the Gourmet (single outcome)",murder_treacherous,Molag Bal,+,S,small,"cross-gen candidate: murder_treacherous(S) from the Molag Bal Part B profile, stepped down; reviewed A8"
DB09,To Kill an Empire,50,Infiltrated as the Gourmet and assassinated the decoy 'Emperor' by poison (single outcome),murder_treacherous,Molag Bal,+,S,small,"cross-gen candidate: murder_treacherous(S) from the Molag Bal Part B profile, stepped down; reviewed A8"
DB10,Death Incarnate,70,"Killed Astrid, the betrayer (kill-the-betrayer outcome)",kill_the_helpless,Molag Bal,+,S,small,"cross-gen candidate: kill_the_helpless(C) from the Molag Bal Part B profile, stepped down; reviewed A8"
DB11,Hail Sithis!,200,"Boarded the Katariah and assassinated the true Emperor, Titus Mede II (single outcome)",murder_treacherous,Molag Bal,+,S,small,"cross-gen candidate: murder_treacherous(S) from the Molag Bal Part B profile, stepped down; reviewed A8"
MG03,Hitting the Books,55,,protect_the_weak,Molag Bal,-,m,small,"cross-gen candidate: protect_the_weak(m) from the Molag Bal Part B profile, stepped down; reviewed A8"
MG05,Containment,200,,protect_the_weak,Molag Bal,-,m,small,"cross-gen candidate: protect_the_weak(m) from the Molag Bal Part B profile, stepped down; reviewed A8"
MQ104,Dragon Rising,160,"Slay the dragon at the Western Watchtower in open battle, defending Whiterun",protect_the_weak,Molag Bal,-,m,small,"cross-gen candidate: protect_the_weak(m) from the Molag Bal Part B profile, stepped down; reviewed A8"
T01,The Heart of Dibella,200,Rescued Fjotra the kidnapped Sybil child from the Forsworn and restored her to the Temple of Dibella,protect_the_weak,Molag Bal,-,m,small,"cross-gen candidate: protect_the_weak(m) from the Molag Bal Part B profile, stepped down; reviewed A8"
MS14,Laid to Rest,200,Destroyed the master vampire Movarth and his coven preying on Morthal,protect_the_weak,Molag Bal,-,m,small,"cross-gen candidate: protect_the_weak(m) from the Molag Bal Part B profile, stepped down; reviewed A8"
DA02,Boethiah's Calling,40,Sacrifice the trusting + defeat champion + don Ebony Mail,deceit,Nocturnal,+,m,small,"cross-gen candidate: deceit(m) from the Nocturnal Part B profile, stepped down; reviewed A8"
DA02KillObj,Boethiah's Bidding,200,Assassinate the Jarl of Solitude by guile/stealth,deceit,Nocturnal,+,m,small,"cross-gen candidate: deceit(m) from the Nocturnal Part B profile, stepped down; reviewed A8"
DA08,The Whispering Door,25,Manipulate the Jarl's child to open the door,deceit,Nocturnal,+,S,small,"cross-gen candidate: deceit(m) from the Nocturnal Part B profile, stepped down; reviewed A8"
DB06,Breaching Security,200,Killed Gaius Maro and planted the Incriminating Letter to frame him (single outcome),deceit,Nocturnal,+,S,small,"cross-gen candidate: deceit(m) from the Nocturnal Part B profile, stepped down; reviewed A8"
DB09,To Kill an Empire,50,Infiltrated as the Gourmet and assassinated the decoy 'Emperor' by poison (single outcome),deceit,Nocturnal,+,S,small,"cross-gen candidate: deceit(m) from the Nocturnal Part B profile, stepped down; reviewed A8"
DB11,Hail Sithis!,70,Optionally killed the contractor Amaund Motierre after taking payment (optional kill branch),deceit,Nocturnal,+,m,small,"cross-gen candidate: deceit(m) from the Nocturnal Part B profile, stepped down; reviewed A8"
DA08,The Whispering Door,60,Take Mephala's Ebony Blade (fed by slaying those close),keep_secret,Hermaeus Mora,+,m,small,"cross-gen candidate: keep_secret(m) from the Hermaeus Mora Part B profile, stepped down; reviewed A8"
MG01,First Lessons,200,Entered the College and took up disciplined study,disciplined_study,Hermaeus Mora,+,S,small,"cross-gen candidate: disciplined_study(S) from the Hermaeus Mora Part B profile, stepped down; reviewed A8"
MG02,Under Saarthal,200,Recovered the buried knowledge beneath Saarthal,disciplined_study,Hermaeus Mora,+,S,small,"cross-gen candidate: disciplined_study(S) from the Hermaeus Mora Part B profile, stepped down; reviewed A8"
MG03,Hitting the Books,200,Recovered the stolen books of Fellglow Keep,disciplined_study,Hermaeus Mora,+,S,small,"cross-gen candidate: disciplined_study(S) from the Hermaeus Mora Part B profile, stepped down; reviewed A8"
MG04,Good Intentions,200,Heeded the Augur and carried warning to the Arch-Mage,disciplined_study,Hermaeus Mora,+,m,small,"cross-gen candidate: disciplined_study(S) from the Hermaeus Mora Part B profile, stepped down; reviewed A8"
mg06,Revealing the Unseen,200,Traced Synod research to the Oculory and revealed the Staff,disciplined_study,Hermaeus Mora,+,S,small,"cross-gen candidate: disciplined_study(S) from the Hermaeus Mora Part B profile, stepped down; reviewed A8"
MG07,The Staff of Magnus,200,Claimed the Staff of Magnus from Labyrinthian,disciplined_study,Hermaeus Mora,+,S,small,"cross-gen candidate: disciplined_study(S) from the Hermaeus Mora Part B profile, stepped down; reviewed A8"
MG08,The Eye of Magnus,200,Contained the Eye and preserved what could be known of it,disciplined_study,Hermaeus Mora,+,m,small,"cross-gen candidate: disciplined_study(S) from the Hermaeus Mora Part B profile, stepped down; reviewed A8"
DA02,Boethiah's Calling,40,Sacrifice the trusting + defeat champion + don Ebony Mail,murder_treacherous,Mehrunes Dagon,+,m,small,"cross-gen candidate: murder_treacherous(m) from the Mehrunes Dagon Part B profile, stepped down; reviewed A8"
DA02KillObj,Boethiah's Bidding,200,Assassinate the Jarl of Solitude by guile/stealth,murder_treacherous,Mehrunes Dagon,+,m,small,"cross-gen candidate: murder_treacherous(m) from the Mehrunes Dagon Part B profile, stepped down; reviewed A8"
DA03,A Daedra's Best Friend,200,Reunite Barbas + Vile; Masque,keep_oath,Mehrunes Dagon,-,m,small,"cross-gen candidate: keep_oath(m) from the Mehrunes Dagon Part B profile, stepped down; reviewed A8"
DA03,A Daedra's Best Friend,155,Kill loyal Barbas + keep the Rueful Axe,murder_treacherous,Mehrunes Dagon,+,m,small,"cross-gen candidate: murder_treacherous(m) from the Mehrunes Dagon Part B profile, stepped down; reviewed A8"
DA10,The House of Horrors,200,Beat the captive priest into submission + kill him; Mace of Molag Bal,murder_treacherous,Mehrunes Dagon,+,m,small,"cross-gen candidate: murder_treacherous(m) from the Mehrunes Dagon Part B profile, stepped down; reviewed A8"
DA11,The Taste of Death,100,Feast on Verulus's corpse; Ring of Namira,murder_treacherous,Mehrunes Dagon,+,m,small,"cross-gen candidate: murder_treacherous(m) from the Mehrunes Dagon Part B profile, stepped down; reviewed A8"
DA15,The Mind of Madness,200,Help Sheogorath return; the Wabbajack,sow_chaos_madness,Mehrunes Dagon,+,C,small,"cross-gen candidate: sow_chaos_madness(C) from the Mehrunes Dagon Part B profile, stepped down; reviewed A8"
DA16,Waking Nightmare,190,Murder Erandur (priest of Mara) + take the Skull of Corruption,murder_treacherous,Mehrunes Dagon,+,m,small,"cross-gen candidate: murder_treacherous(m) from the Mehrunes Dagon Part B profile, stepped down; reviewed A8"
TG08A,Trinity Restored,57,Take the Nightingale Oath to Nocturnal,keep_oath,Mehrunes Dagon,-,m,small,"cross-gen candidate: keep_oath(m) from the Mehrunes Dagon Part B profile, stepped down; reviewed A8"
TG08B,Blindsighted,50,Slay the traitor Mercer Frey; recover the Skeleton Key,kill_honorable_combat,Mehrunes Dagon,+,m,small,"cross-gen candidate: kill_honorable_combat(m) from the Mehrunes Dagon Part B profile, stepped down; reviewed A8"
TG09,Darkness Returns,200,Return the Skeleton Key to the Ebonmere; become Nightingale Agent,keep_oath,Mehrunes Dagon,-,m,small,"cross-gen candidate: keep_oath(m) from the Mehrunes Dagon Part B profile, stepped down; reviewed A8"
C03,The Silver Hand,200,Killed armed Silver Hand foes in open battle (terminal),kill_honorable_combat,Mehrunes Dagon,+,m,small,"cross-gen candidate: kill_honorable_combat(m) from the Mehrunes Dagon Part B profile, stepped down; reviewed A8"
C04,Blood's Honor,200,Slew the hostile Glenmoril Witches in battle (terminal),kill_honorable_combat,Mehrunes Dagon,+,m,small,"cross-gen candidate: kill_honorable_combat(m) from the Mehrunes Dagon Part B profile, stepped down; reviewed A8"
C05,Purity of Revenge,200,Killed the armed Silver Hand in open battle to avenge a fallen leader (terminal),kill_honorable_combat,Mehrunes Dagon,+,m,small,"cross-gen candidate: kill_honorable_combat(m) from the Mehrunes Dagon Part B profile, stepped down; reviewed A8"
CW01B,Joining the Stormcloaks,160,Take the oath to join the Stormcloaks (Talos/Nord cause vs the Empire),keep_oath,Mehrunes Dagon,-,m,small,"cross-gen candidate: keep_oath(m) from the Mehrunes Dagon Part B profile, stepped down; reviewed A8"
DB01,Innocence Lost,200,"Killed Grelod the Kind, the defenseless orphanage headmistress, on a child's Black Sacrament request",murder_treacherous,Mehrunes Dagon,+,m,small,"cross-gen candidate: murder_treacherous(m) from the Mehrunes Dagon Part B profile, stepped down; reviewed A8"
DB02,With Friends Like These...,200,"Killed one of three bound, innocent captives to repay the debt and gain entry to the Sanctuary",murder_treacherous,Mehrunes Dagon,+,m,small,"cross-gen candidate: murder_treacherous(m) from the Mehrunes Dagon Part B profile, stepped down; reviewed A8"
DB03,Mourning Never Comes,30,"OPTIONAL: killed Nilsine Shatter-Shield, an innocent, for the bonus",murder_treacherous,Mehrunes Dagon,+,m,small,"cross-gen candidate: murder_treacherous(m) from the Mehrunes Dagon Part B profile, stepped down; reviewed A8"
DB05,Bound Until Death,200,"Assassinated Vittoria Vici, the defenseless bride, at her own wedding",murder_treacherous,Mehrunes Dagon,+,m,small,"cross-gen candidate: murder_treacherous(m) from the Mehrunes Dagon Part B profile, stepped down; reviewed A8"
DB06,Breaching Security,200,Killed Gaius Maro and planted the Incriminating Letter to frame him (single outcome),murder_treacherous,Mehrunes Dagon,+,m,small,"cross-gen candidate: murder_treacherous(m) from the Mehrunes Dagon Part B profile, stepped down; reviewed A8"
DB07,The Cure for Madness,200,Hunted down and killed Cicero on Astrid's order (kill branch),murder_treacherous,Mehrunes Dagon,+,m,small,"cross-gen candidate: murder_treacherous(m) from the Mehrunes Dagon Part B profile, stepped down; reviewed A8"
DB08,Recipe for Disaster,200,"Killed Anton Virane, assassinated the Gourmet (single outcome)",murder_treacherous,Mehrunes Dagon,+,m,small,"cross-gen candidate: murder_treacherous(m) from the Mehrunes Dagon Part B profile, stepped down; reviewed A8"
DB09,To Kill an Empire,50,Infiltrated as the Gourmet and assassinated the decoy 'Emperor' by poison (single outcome),murder_treacherous,Mehrunes Dagon,+,m,small,"cross-gen candidate: murder_treacherous(m) from the Mehrunes Dagon Part B profile, stepped down; reviewed A8"
DB10,Death Incarnate,70,"Killed Astrid, the betrayer (kill-the-betrayer outcome)",murder_treacherous,Mehrunes Dagon,+,m,small,"cross-gen candidate: murder_treacherous(m) from the Mehrunes Dagon Part B profile, stepped down; reviewed A8"
DB11,Hail Sithis!,200,"Boarded the Katariah and assassinated the true Emperor, Titus Mede II (single outcome)",murder_treacherous,Mehrunes Dagon,+,m,small,"cross-gen candidate: murder_treacherous(m) from the Mehrunes Dagon Part B profile, stepped down; reviewed A8"
MQ104,Dragon Rising,160,"Slay the dragon at the Western Watchtower in open battle, defending Whiterun",kill_honorable_combat,Mehrunes Dagon,+,m,small,"cross-gen candidate: kill_honorable_combat(m) from the Mehrunes Dagon Part B profile, stepped down; reviewed A8"
MQ106,A Blade in the Dark,200,Slay the named dragon Sahloknir at Kynesgrove in open battle,kill_honorable_combat,Mehrunes Dagon,+,m,small,"cross-gen candidate: kill_honorable_combat(m) from the Mehrunes Dagon Part B profile, stepped down; reviewed A8"
MQ201Malborn,(no name) [Malborn / Thalmor assassin],100,Killed the Khajiit Thalmor assassin lying in wait for Malborn,kill_honorable_combat,Mehrunes Dagon,+,m,small,"cross-gen candidate: kill_honorable_combat(m) from the Mehrunes Dagon Part B profile, stepped down; reviewed A8"
MQ206,Alduin's Bane,220,Cast down the World-Eater and stayed the coming cataclysm the Prince of Destruction would relish,serve_empire_order,Mehrunes Dagon,-,m,small,"CORRECTED 2026-07-09 (was +m kill_honorable_combat): Alduin IS the apocalypse; defeating him restores the standing order of time, which is Dagon's serve_empire_order DISapprove (stepped to m). He likes the killing (his ordinary dragon-kill rows stay +) but not the world being saved."
MQ303,The World-Eater's Eyrie,300,"I set Odahviing free, he flew me to Skuldafn; I fought my way to the top and entered Alduin's portal to Sovngarde (single outcome)",kill_honorable_combat,Mehrunes Dagon,+,m,small,"cross-gen candidate: kill_honorable_combat(m) from the Mehrunes Dagon Part B profile, stepped down; reviewed A8"
MQ305,Dragonslayer,200,Slew the World-Eater and saved the world - the ruin Dagon craved undone and order restored,serve_empire_order,Mehrunes Dagon,-,m,small,"CORRECTED 2026-07-09 (was +m kill_honorable_combat): the terminal salvation of the world is the opposite of Dagon's razing ambition; restored order of time = serve_empire_order DISapprove, stepped to m. The Prince of Destruction does not cheer the World-Eater's fall."
DA06,The Cursed Tribe,200,Defend Largashbur; prove worthier than Yamarz; lift the curse,kill_honorable_combat,Mehrunes Dagon,+,m,small,"conflict adjudication: kill_honorable_combat(m) dominates over keep_oath(m) - no standing-order oath present, open-battle defense of the tribe is the stronger fit; reviewed A8"
DA07,Pieces of the Past,100,Kill Silus for Dagon; reforge Mehrunes' Razor,sow_chaos_madness,Sheogorath,+,S,small,"cross-gen candidate: sow_chaos_madness(C) from the Sheogorath Part B profile, stepped down; reviewed A8"
DA14,A Night To Remember,10,Trashed the Temple of Dibella in a drunken stupor,revel_indulge,Sheogorath,+,S,small,"cross-gen candidate: revel_indulge(m) from the Sheogorath Part B profile, stepped down; reviewed A8"
CW03,Message to Whiterun,50,Imperial branch: Jarl sides with the Empire; serve Imperial field command,serve_empire_order,Sheogorath,-,m,small,"cross-gen candidate: serve_empire_order(m) from the Sheogorath Part B profile, stepped down; reviewed A8"
FreeformKolskeggrA,Kolskeggr Mine (reclaim),200,Drove the Forsworn from Kolskeggr so Pavo and the miners could return to honest work,uphold_law_justice,Sheogorath,-,m,small,"cross-gen candidate: uphold_law_justice(m) from the Sheogorath Part B profile, stepped down; reviewed A8"
DA14,A Night To Remember,10,Trashed the Temple of Dibella in a drunken stupor,revel_indulge,Sanguine,+,C,small,"cross-gen candidate: revel_indulge(C) from the Sanguine Part B profile, stepped up to full C intensity -- signature Sanguine quest, direct anchor match; reviewed A9"
DA02,Boethiah's Calling,40,Sacrifice the trusting + defeat champion + don Ebony Mail,deceit,Clavicus Vile,+,m,small,"cross-gen candidate: deceit(S) from the Clavicus Vile Part B profile, stepped down; pact-for-power narrative fits price-of-desire anchor; reviewed A9"
DA08,The Whispering Door,25,Manipulate the Jarl's child to open the door,deceit,Clavicus Vile,+,m,small,"cross-gen candidate: deceit(S) from the Clavicus Vile Part B profile, stepped down; manipulation-of-innocent fits clever-deals anchor; reviewed A9"
DB06,Breaching Security,200,Killed Gaius Maro and planted the Incriminating Letter to frame him (single outcome),deceit,Clavicus Vile,+,m,small,"cross-gen candidate: deceit(S) from the Clavicus Vile Part B profile, stepped down; framing artifice is the clever-deal component; reviewed A9"
DB09,To Kill an Empire,50,Infiltrated as the Gourmet and assassinated the decoy 'Emperor' by poison (single outcome),deceit,Clavicus Vile,+,m,small,"cross-gen candidate: deceit(S) from the Clavicus Vile Part B profile, stepped down; impersonation con fits clever-deals anchor; reviewed A9"
DB11,Hail Sithis!,70,Optionally killed the contractor Amaund Motierre after taking payment (optional kill branch),deceit,Clavicus Vile,+,m,small,"cross-gen candidate: deceit(S) from the Clavicus Vile Part B profile, stepped down; broken-bargain-after-payment is a direct price-of-desire match; reviewed A9"
TG00,A Chance Arrangement,200,Stole Madesi's Ring and planted it on Brand-Shei to frame him at Brynjolf's behest (single outcome),deceit,Clavicus Vile,+,m,small,"cross-gen candidate: deceit(S) from the Clavicus Vile Part B profile, stepped down; classic frame-job fits clever-deals anchor; reviewed A9"
TG03,Dampened Spirits,200,Framed Honningbrew's owner Sabjorn via poisoned mead to have him imprisoned for Maven (single outcome),deceit,Clavicus Vile,+,m,small,"cross-gen candidate: deceit(S) from the Clavicus Vile Part B profile, stepped down; con-job for a patron's deal fits clever-deals anchor; reviewed A9"
TG04,Scoundrel's Folly,200,Shadowed and coerced Gulum-Ei into confessing; optionally stole Firebrand Wine (single outcome),deceit,Clavicus Vile,+,m,small,"cross-gen candidate: deceit(S) from the Clavicus Vile Part B profile, stepped down; coercion-into-a-deal fits clever-deals anchor; reviewed A9"
DA07,Pieces of the Past,100,Kill Silus for Dagon; reforge Mehrunes' Razor,sow_chaos_madness,Peryite,-,m,small,"cross-gen candidate: sow_chaos_madness(S) from the Peryite Part B profile, stepped down; serving a rival chaos-Prince affronts Peryite's order; reviewed A9"
DA15,The Mind of Madness,200,Help Sheogorath return; the Wabbajack,sow_chaos_madness,Peryite,-,S,small,"cross-gen candidate: sow_chaos_madness(S) from the Peryite Part B profile, kept at full S; definitive madness-Prince quest, direct anchor match; reviewed A9"
CW01A,Joining the Legion,160,Take the oath to join the Imperial Legion (serve the Empire),serve_empire_order,Peryite,+,m,small,"cross-gen candidate: serve_empire_order(m) from the Peryite Part B profile, stepped down; kept as the single representative oath-of-service stage for the Imperial Civil War arc; reviewed A9"
DA04,Discerning the Transmundane,100,Open the lockbox; claim the Oghma Infinium,forbidden_knowledge,Vaermina,+,m,small,"cross-gen candidate: forbidden_knowledge(m) from the Vaermina Part B profile, kept at listed m; dangerous/forbidden knowledge is a direct anchor match to stolen-memory theme; reviewed A9"
DA10,The House of Horrors,200,Beat the captive priest into submission + kill him; Mace of Molag Bal,murder_treacherous,Vaermina,+,m,small,"cross-gen candidate: murder_treacherous(m) from the Vaermina Part B profile, kept at listed m; horror-house psychological-torment atmosphere is closer to nightmare/terror anchor than plain murder; reviewed A9"
