path_id,type,manager_function,guard_evidence,anti_farm_evidence,sink_evidence,hook_evidence,global_evidence,notes
altmer_magnus,faucet,HandleAltmerSleepEvents,"IsAltmerOrigin();_activeDeity == PDV_Magnus","PDV.Signal.AltmerAncestralDream","AwardAltmerDawnSignal;AwardAltmerAncestorSpinePulse","HandleAltmerSleepEvents(playerRef, reason)","AwardCuratedSignalScaled(PDV_Magnus, PDV_Magnus.SIGNAL_DISCIPLINED_STUDY","Active Magnus sleep-dream renewable through the existing Altmer sleep seam, daily ancestral dream gate, and dawn scholarship helper."
argonian_hist,faucet,TryArgonianNearWaterMaintenance,"GetPlayerOriginRaceIndex() != ORIGIN_ARGONIAN;PDV_ArgonianHistSubstrate","PDV.Argonian.NearWaterDay;PDV.Signal.ArgonianNearWater","RecordHistMaintenanceScaled;AwardCuratedSignalScaled","TryArgonianNearWaterMaintenance()","PDV_Hist.SIGNAL_HIST_PULSE","Near-water poll is the Hist faucet; it is capped by a day key plus repeat multiplier and double-routes through the Hist piety sink."
argonian_people,faucet,TryArgonianNearWaterMaintenance,"GetArgonianActiveFocus;ARGONIAN_FOCUS_PEOPLE","PDV.Argonian.NearWaterDay;PDV.Signal.ArgonianNearWater","HandleArgonianPeopleSupport;AwardCuratedSignalScaled","TryArgonianNearWaterMaintenance()","PDV_Hist.SIGNAL_HIST_PULSE","People focus can ride the same near-water faucet only when the Argonian active focus resolves to People; People support has its own capped piety sink."
argonian_void,faucet,TryArgonianSithisNearDeathBurst,"GetArgonianActiveFocus;ARGONIAN_FOCUS_VOID;IsVoidFullyActive","PDV.Argonian.SithisNearDeathLastDay","HandleArgonianVoidSignal","HandlePlayerBelowHealthGate(Actor playerRef)","PDV_Sithis.SIGNAL_VOID_THRESHOLD;AwardCuratedSignalScaled","Void near-death burst now routes a capped Void signal after the signature spell so the Ledger has a driver reason."
bosmer_old_contract,faucet,HandleBosmerPactPositiveSignal,"IsBosmerOrigin();PDV_BosmerPathTrack;IsBosmerPactBound","PDV.Signal.BosmerPactPositive","AwardCuratedSignalScaled;AdjustBosmerGreenPactCompliance","HandleBosmerPactPositiveSignal","PDV_Yffre.SIGNAL_PACT_POSITIVE","Old Contract Pact-positive renewable remains path-gated, daily-decayed, and Ledger-visible through Y'ffre."
bosmer_living_story,faucet,HandleBosmerLivingStorySignal,"IsBosmerOrigin();PDV_BosmerPathTrack;BOSMER_PATH_LIVING_STORY","PDV.Signal.BosmerLivingStory","AwardCuratedSignalScaled;RecordEvidenceDay","HandleBosmerLivingStorySignal","PDV_Yffre.SIGNAL_LIVING_STORY","Living Story gets a capped direct manager renewable with source reasons preserved by the Bosmer EventBus route."
bosmer_exchange,faucet,HandleBosmerExchangeSignal,"IsBosmerOrigin();PDV_BosmerPathTrack;BOSMER_PATH_EXCHANGE","PDV.Signal.BosmerExchange","AwardCuratedSignalScaled;RecordEvidenceDay","HandleBosmerExchangeSignal","PDV_Zen.SIGNAL_EXCHANGE","Exchange direct renewable is capped and now receives source-specific EventBus reasons from P2 Zen routes."
bosmer_bandit_road,faucet,HandleBosmerBanditRoadSignal,"IsBosmerOrigin();PDV_BosmerPathTrack;BOSMER_PATH_BANDIT_ROAD","PDV.Signal.BosmerBanditRoad","AwardCuratedSignalScaled;RecordEvidenceDay","HandleBosmerBanditRoadSignal","PDV_BaanDar.SIGNAL_BANDIT_ROAD","Bandit Road direct renewable is capped and now receives source-specific EventBus reasons from P2 Baan Dar routes."
khajiit_khenarthi,day-to-day,HandleKhajiitRoadHomeAnchor,"IsKhajiitOrigin();PDV_KhajiitLunarSubstrate;KHAJIIT_FOCUS_KHENARTHI","PDV.Signal.KhajiitRoadHome","AwardCuratedSignalScaled;RecordRoadHomeCadenceScaled","HandleKhajiitRoadHomeAnchor","PDV_Khenarthi.SIGNAL_ROAD_HOME","Khenarthi road-home anchor is a day-to-day location cadence, capped and Ledger-visible through the road-home piety sink."
khajiit_khenarthi,faucet,RecordKhajiitFocusSignal,"IsKhajiitOrigin()","ConsumeDailyRepeatMultiplier","PulseKhajiitFocusPiety","HandleKhajiitFocusedSourceForFocus","KHAJIIT_FOCUS_KHENARTHI;PDV_Khenarthi.SIGNAL_ROAD_HOME;AwardCuratedSignalScaled","Khenarthi focused-source pulses are capped by the shared focus signal gate and double-route through the Khenarthi piety pulse."
khajiit_baandar,faucet,HandleKhajiitBaanDarRoadTrick,"IsKhajiitOrigin();KHAJIIT_FOCUS_BAANDAR","PDV.Signal.KhajiitBaanDarRoadTrick","RecordKhajiitFocusSignal","HandleKhajiitBaanDarRoadTrick","PDV_BaanDar.SIGNAL_ROAD_TRICK;AwardCuratedSignalScaled","Baan Dar road-trick renewable uses the shared focused-signal cap and now keeps driver reasons from P2 and organic routes."
khajiit_rajhin,faucet,HandleKhajiitRajhinElegantTheft,"IsKhajiitOrigin();KHAJIIT_FOCUS_RAJHIN","PDV.Signal.KhajiitRajhinElegantTheft","RecordKhajiitFocusSignal","HandleKhajiitRajhinElegantTheft","PDV_Rajhin.SIGNAL_ELEGANT_THEFT;AwardCuratedSignalScaled","Rajhin elegant-theft renewable remains capped, focus-gated, ShadowDrift-aware, and Ledger-visible."
khajiit_alkosh,faucet,HandleKhajiitAlkoshDragonOrder,"IsKhajiitOrigin();KHAJIIT_FOCUS_ALKOSH","PDV.Signal.KhajiitAlkoshDragonOrder","RecordKhajiitFocusSignal","HandleKhajiitAlkoshDragonOrder","PDV_Alkosh.SIGNAL_DRAGON_ORDER;AwardCuratedSignalScaled","Alkosh dragon-order renewable uses the shared focused-signal cap and a curated piety sink."
altmer_auriel,faucet,HandleAltmerDawnSteadiness,"IsAltmerOrigin();IsAltmerFavorSuppressedByCurse","PDV.Signal.AltmerDawnSteadiness","AwardAltmerDawnSignal;AwardAltmerAncestorSpinePulse","HandleAltmerDawnSteadiness","PDV_AuriEl.SIGNAL_DAWN_ACKNOWLEDGMENT;AwardCuratedSignalScaled","Auri-El dawn steadiness is capped, curse-guarded, and double-routed through dawn piety plus ancestor spine."
altmer_xarxes,faucet,HandleAltmerOrthodoxCostlyEnforcement,"IsAltmerOrigin();IsAltmerFavorSuppressedByCurse","PDV.Signal.AltmerOrthodoxCostlyEnforcement","AwardAltmerOrthodoxSignal;AwardAltmerAncestorSpinePulse","HandleAltmerOrthodoxCostlyEnforcement","PDV_Xarxes.SIGNAL_LINEAGE_HONORED;AwardCuratedSignalScaled","Xarxes orthodoxy enforcement is capped, curse-guarded, and double-routed through lineage piety plus ancestor spine."
imperial_private_talos,faucet,HandleImperialTalosPressure,"GetPlayerOriginRaceIndex() != ORIGIN_IMPERIAL;isPrivate","PDV.Signal.ImperialPrivateTalosPressure","AwardCuratedSignalScaled;AwardImperialAncestorSpinePulse","HandleImperialTalosPressure","PDV_Talos.SIGNAL_SHRINE_DEFIANCE","Private Talos pressure has a separate capped repeat key and Ledger-visible Talos piety."
imperial_public_talos,faucet,HandleImperialTalosPressure,"GetPlayerOriginRaceIndex() != ORIGIN_IMPERIAL;isPrivate","PDV.Signal.ImperialPublicTalosPressure","AwardCuratedSignalScaled;AwardImperialAncestorSpinePulse","HandleImperialTalosPressure","PDV_Talos.SIGNAL_DEFIANCE_MILESTONE","Public Talos pressure has a separate capped repeat key and Ledger-visible Talos piety."
redguard_crown,faucet,HandleRedguardCrownTombRespect,"IsRedguardOrigin();PDV_RedguardSectTrack","PDV.Signal.RedguardCrownTombRespect","RecordRedguardSectSignal;AwardRedguardCrownSignal","HandleRedguardCrownTombRespect","PDV_Tuwhacca.SIGNAL_CROWN_FORM;AwardCuratedSignalScaled","Crown tomb respect is capped and double-routed through sect state plus Tu'whacca piety."
redguard_forebear,faucet,HandleRedguardForebearRoadPassage,"IsRedguardOrigin();PDV_RedguardSectTrack","PDV.Signal.RedguardForebearRoad","RecordRedguardSectSignal;AwardRedguardForebearSignal","HandleRedguardForebearRoadPassage","PDV_Leki.SIGNAL_SWORD_SINGING;AwardCuratedSignalScaled","Forebear road passage is capped and routes active Leki sword-singing piety when the Forebear lane owns the beat."
redguard_ashabah,faucet,HandleRedguardAshAbahDeathDuty,"IsRedguardOrigin();PDV_RedguardSectTrack","PDV.Signal.RedguardAshAbahDeathDuty","RecordRedguardSectSignal;ApplyRedguardAshAbahDutyRewards","HandleRedguardAshAbahDeathDuty","PDV_Tuwhacca.SIGNAL_DEATH_DUTY;AwardCuratedSignalScaled","Ash'abah death duty is capped and double-routed through sect state plus Tu'whacca death-duty piety."
breton_hidden_art,day-to-day,HandleBretonSleepEvents,"GetPlayerOriginRaceIndex() != ORIGIN_BRETON;BRETON_TRADITION_HIDDEN_ART","PDV.Signal.BretonAncestralDream","AwardCuratedSignalScaled","HandleBretonSleepEvents(playerRef, reason)","PDV_Julianos.SIGNAL_PATRON_CIVIC_FAVOR","Hidden Art sleep reflection is a day-to-day routine, capped by the Breton dream repeat key, with Julianos piety recorded for the Ledger. The old AwardBretonAncestorSpinePulse call is retired cleanup only and must not produce a Breton substrate/ledger row."
dunmer_deviation,day-to-day,HandleDunmerDeviationPrice,"GetPlayerOriginRaceIndex() != ORIGIN_DUNMER","PDV.Signal.DunmerDeviationPrice","AwardDunmerDeviationPriceSignal","HandleDunmerSleepEvents;HandleDunmerDeviationPrice","AwardCuratedSignalScaled(PDV_Boethiah;AwardCuratedSignalScaled(PDV_Mephala;AwardCuratedSignalScaled(PDV_Azura","Deviation price is capped and scaled; sleep can renew the remembered deviation only after an actual deviation source has happened."
