actor,eventId,eventName,sentiment,tier,baseDelta,dailyCap,cooldownDays,stanceGate,conditionTag,notes
Daedric:Mehrunes Dagon,2,kill-hostile-humanoid,+,small,0.25,3,0,PathOpen,,cutting down what stands is the work of ruin
Daedric:Mehrunes Dagon,302,kill-dragon,+,medium,1.0,2,0.5,PathOpen,,breaking the mighty pleases the Prince of Destruction
Daedric:Mehrunes Dagon,304,murder-defenseless,+,small,0.5,3,0,PathOpen,,ruin draws no line around the helpless
Daedric:Mehrunes Dagon,368,accept-daedric-artifact,+,large,1.5,1,1.0,PathOpen,ActorTypeDaedra,Mehrunes' Razor claimed
Daedric:Mehrunes Dagon,350,heal-or-cure-npc,-,small,-0.25,3,0,PathOpen,,preservation offends the principle of ruin
Daedric:Hircine,1,kill-hostile-beast,+,medium,0.75,2,0.5,PathOpen,,the great hunt; COORDINATE with werewolf curse rows - do not double-fire
Daedric:Hircine,2,kill-hostile-humanoid,+,small,0.25,3,0,PathOpen,,worthy two-legged prey taken in the chase
Daedric:Hircine,313,rest-under-open-sky,+,small,0.25,3,0,PathOpen,,the hunter's night under the open sky
Daedric:Hircine,368,accept-daedric-artifact,+,medium,1.0,1,1.0,PathOpen,ActorTypeDaedra,Savior's Hide or the Ring of Hircine claimed
Daedric:Hircine,350,heal-or-cure-npc,-,small,-0.25,3,0,PathOpen,,the hunt does not nurse the weak
Daedric:Meridia,300,kill-undead,+,medium,1.0,2,0.5,PathOpen,ActorTypeUndead,her singular hatred; the undead are an affront to the light
Daedric:Meridia,365,raise-undead,-,large,-2.0,1,1.0,PathOpen,,the defiling of life-force she most abhors
Daedric:Meridia,368,accept-daedric-artifact,+,medium,1.0,1,1.0,PathOpen,ActorTypeDaedra,Dawnbreaker taken up
Daedric:Meridia,350,heal-or-cure-npc,+,small,0.25,3,0,PathOpen,,the living light sustained in another
Daedric:Molag Bal,364,assault-innocent,+,medium,0.75,2,0.5,PathOpen,,domination of the weak is his sacrament
Daedric:Molag Bal,304,murder-defenseless,+,medium,0.75,2,0.5,PathOpen,,cruelty rendered to the helpless
Daedric:Molag Bal,366,vampire-feed,+,small,0.5,3,0,PathOpen,,MODERATE detection; COORDINATE with vampire curse rows
Daedric:Molag Bal,368,accept-daedric-artifact,+,medium,1.0,1,1.0,PathOpen,ActorTypeDaedra,the Mace of Molag Bal claimed
Daedric:Molag Bal,350,heal-or-cure-npc,-,small,-0.5,3,0,PathOpen,,mercy is the weakness he despises
Daedric:Hermaeus Mora,342,read-lore-book,+,medium,1.0,2,0.5,PathOpen,,forbidden knowledge gathered into the archive
Daedric:Hermaeus Mora,341,read-spell-tome,+,small,0.5,3,0,PathOpen,,arcane secrets are his to hoard
Daedric:Hermaeus Mora,345,discover-location,+,small,0.5,3,0,PathOpen,,all things sought and known
Daedric:Hermaeus Mora,343,learn-word-of-power,+,small,0.5,3,0,PathOpen,,each Word of Power is one more secret kept
Daedric:Hermaeus Mora,368,accept-daedric-artifact,+,medium,1.0,1,1.0,PathOpen,ActorTypeDaedra,the Oghma Infinium opened
Daedric:Namira,300,kill-undead,-,small,-0.5,3,0,PathOpen,ActorTypeUndead,undeath and decay are hers; destroying them displeases
Daedric:Namira,367,cannibalize-corpse,+,large,2.0,1,1.0,PathOpen,,HARD detection - carried by the Namira faucet (Feed/Eat Human Flesh); reference only
Daedric:Namira,368,accept-daedric-artifact,+,medium,1.0,1,1.0,PathOpen,ActorTypeDaedra,the Ring of Namira claimed
Daedric:Namira,350,heal-or-cure-npc,-,small,-0.25,3,0,PathOpen,,the clean and cared-for is not her domain
Daedric:Nocturnal,360,pick-owned-lock,+,small,0.5,3,0,PathOpen,owned,the shadow-thief slips every ward
Daedric:Nocturnal,362,steal-item,+,small,0.5,3,0,PathOpen,owned,taken from the light into her shadow
Daedric:Nocturnal,361,trespass,+,small,0.25,3,0,PathOpen,,no door is closed to her servants
Daedric:Nocturnal,368,accept-daedric-artifact,+,medium,1.0,1,1.0,PathOpen,ActorTypeDaedra,the Skeleton Key carried (the debt that always comes due)
Daedric:Peryite,368,accept-daedric-artifact,+,medium,1.0,1,1.0,PathOpen,ActorTypeDaedra,Spellbreaker taken up
Daedric:Peryite,344,increase-skill,+,small,0.25,3,0,PathOpen,,patient diligence in the lowest order pleases him
Daedric:Peryite,330,smith-item,+,small,0.25,3,0,PathOpen,,humble labor kept in its proper place
Daedric:Peryite,350,heal-or-cure-npc,-,small,-0.25,3,0,PathOpen,,curing affliction undoes the order he imposes; bearing disease is the Peryite faucet
Daedric:Sanguine,333,cook-meal,+,small,0.25,3,0,PathOpen,,the feast and the table he blesses
Daedric:Sanguine,368,accept-daedric-artifact,+,medium,1.0,1,1.0,PathOpen,ActorTypeDaedra,the Sanguine Rose in hand
Daedric:Sanguine,314,sleep-in-bed,-,small,-0.25,3,0,PathOpen,,sober rest cut the revel short; drinking is the Sanguine faucet
Daedric:Sheogorath,345,discover-location,+,small,0.5,3,0,PathOpen,,novelty delights the Madgod
Daedric:Sheogorath,343,learn-word-of-power,+,small,0.25,3,0,PathOpen,,a new shiny thing for the collection
Daedric:Sheogorath,368,accept-daedric-artifact,+,medium,1.0,1,1.0,PathOpen,ActorTypeDaedra,the Wabbajack waved
Daedric:Sheogorath,314,sleep-in-bed,-,small,-0.25,3,0,PathOpen,,the predictable bores him; rows kept deliberately eclectic
Daedric:Vaermina,314,sleep-in-bed,+,small,0.5,3,0,PathOpen,,she visits the sleeper and harvests the dream
Daedric:Vaermina,342,read-lore-book,+,small,0.5,3,0,PathOpen,,dream-secrets and forbidden lore
Daedric:Vaermina,368,accept-daedric-artifact,+,medium,1.0,1,1.0,PathOpen,ActorTypeDaedra,the Skull of Corruption claimed
Daedric:Vaermina,350,heal-or-cure-npc,-,small,-0.25,3,0,PathOpen,,she feeds fear, not comfort; harvesting dreams is the Vaermina faucet
Daedric:Clavicus Vile,368,accept-daedric-artifact,+,medium,1.0,1,1.0,PathOpen,ActorTypeDaedra,the Masque or the Rueful Axe claimed
Daedric:Clavicus Vile,354,persuade-success,+,small,0.5,3,0,PathOpen,,HARD detection - the won bargain; carried by the Clavicus faucet; reference only
Daedric:Clavicus Vile,362,steal-item,-,small,-0.25,3,0,PathOpen,,a deal is struck, not stolen; he prefers the bargain to the theft
Daedric:Mehrunes Dagon,364,assault-innocent,+,small,0.5,3,0,PathOpen,,terror serves the cleansing fire
Daedric:Mehrunes Dagon,330,smith-item,-,small,-0.25,3,0,PathOpen,,what is built is one more thing to be unbuilt
Daedric:Hircine,302,kill-dragon,+,small,0.5,3,0,PathOpen,,the greatest prey honors the Huntsman
Daedric:Hircine,314,sleep-in-bed,-,small,-0.25,3,0,PathOpen,,the hunter beds rough, not soft
Daedric:Meridia,364,assault-innocent,-,small,-0.5,3,0,PathOpen,,her light is no license for cruelty
Daedric:Meridia,313,rest-under-open-sky,+,small,0.25,3,0,PathOpen,,rest beneath the open sun she rules
Daedric:Molag Bal,362,steal-item,+,small,0.25,3,0,PathOpen,owned,the strong take what they will
Daedric:Molag Bal,333,cook-meal,-,small,-0.25,3,0,PathOpen,,domestic comfort is the slave's consolation
Daedric:Hermaeus Mora,340,read-skill-book,+,small,0.5,3,0,PathOpen,,no page is beneath the archive
Daedric:Hermaeus Mora,344,increase-skill,+,small,0.25,3,0,PathOpen,,mastery is knowledge made flesh
Daedric:Namira,361,trespass,+,small,0.25,3,0,PathOpen,,the forgotten and forbidden places are hers
Daedric:Namira,313,rest-under-open-sky,-,small,-0.25,3,0,PathOpen,,she dwells in the dark beneath, not the open sky
Daedric:Nocturnal,345,discover-location,+,small,0.25,3,0,PathOpen,,the unseen ways open to her servants
Daedric:Nocturnal,304,murder-defenseless,-,small,-0.25,3,0,PathOpen,,the shadow takes quietly; blood draws the eye
Daedric:Peryite,314,sleep-in-bed,+,small,0.25,3,0,PathOpen,,the ordered, lowly routine kept in its place
Daedric:Peryite,364,assault-innocent,-,small,-0.25,3,0,PathOpen,,wanton chaos breaks the order he imposes
Daedric:Sanguine,332,brew-potion,+,small,0.25,3,0,PathOpen,,a draught distilled for the night's pleasure
Daedric:Sanguine,304,murder-defenseless,-,small,-0.25,3,0,PathOpen,,the party sours when blood is spilled
Daedric:Sheogorath,362,steal-item,+,small,0.25,3,0,PathOpen,,whimsy takes what catches its eye
Daedric:Sheogorath,330,smith-item,-,small,-0.25,3,0,PathOpen,,orderly craft bores the Madgod
Daedric:Vaermina,364,assault-innocent,+,small,0.25,3,0,PathOpen,,terror is the waking nightmare she savors
Daedric:Vaermina,343,learn-word-of-power,+,small,0.25,3,0,PathOpen,,a Word seized from the dreaming mind
Daedric:Clavicus Vile,345,discover-location,+,small,0.25,3,0,PathOpen,,every road leads to another bargain
Daedric:Clavicus Vile,350,heal-or-cure-npc,-,small,-0.25,3,0,PathOpen,,why give freely what you could sell?
Daedric:Azura,313,rest-under-open-sky,+,small,0.5,3,0,PathOpen,,dawn-dusk observance under her twilight (path face)
Daedric:Azura,350,heal-or-cure-npc,+,medium,0.75,2,0.5,PathOpen,,mercy shown to the cursed and the outcast
Daedric:Azura,343,learn-word-of-power,+,medium,0.75,2,0.5,PathOpen,,foresight rewarded; knowing what is to come
Daedric:Azura,342,read-lore-book,+,small,0.25,3,0,PathOpen,,study of prophecy and the turning of fate
Daedric:Azura,368,accept-daedric-artifact,+,medium,1.0,1,1.0,PathOpen,ActorTypeDaedra,Azura's Star claimed
Daedric:Azura,304,murder-defenseless,-,medium,-0.75,2,0.5,PathOpen,,cruelty to the helpless betrays her mercy
Daedric:Boethiah,2,kill-hostile-humanoid,+,small,0.25,3,0,PathOpen,,victory of the worthy through open struggle
Daedric:Boethiah,344,increase-skill,+,small,0.5,3,0,PathOpen,,strength earned by trial and self-betterment
Daedric:Boethiah,304,murder-defenseless,+,medium,0.75,2,0.5,PathOpen,,the unworthy culled; rightful murder is her gift
Daedric:Boethiah,360,pick-owned-lock,+,small,0.25,3,0,PathOpen,owned,deceit and intrusion please the Prince of Plots
Daedric:Boethiah,368,accept-daedric-artifact,+,large,1.5,1,1.0,PathOpen,ActorTypeDaedra,proof of cunning rewarded by the Prince of Plots
Daedric:Boethiah,350,heal-or-cure-npc,-,small,-0.25,3,0,PathOpen,,coddling the weak denies the test of struggle
Daedric:Mephala,360,pick-owned-lock,+,small,0.5,3,0,PathOpen,owned,intrusion into the hidden; secrets prised open
Daedric:Mephala,362,steal-item,+,small,0.5,3,0,PathOpen,owned,the taking by stealth pleases the Webspinner
Daedric:Mephala,304,murder-defenseless,+,medium,1.0,2,0.5,PathOpen,,murder by stealth woven into her web
Daedric:Mephala,361,trespass,+,small,0.25,3,0,PathOpen,,crossing into the forbidden pleases the Webspinner
Daedric:Mephala,342,read-lore-book,+,small,0.25,3,0,PathOpen,,secret lore gathered into the threads
Daedric:Mephala,368,accept-daedric-artifact,+,large,1.5,1,1.0,PathOpen,ActorTypeDaedra,the Ebony Blade claimed
Daedric:Malacath,330,smith-item,+,medium,0.75,2,0.5,PathOpen,,the forge is the orc-father's prayer
Daedric:Malacath,2,kill-hostile-humanoid,+,small,0.25,3,0,PathOpen,,strength proven in open fight
Daedric:Malacath,1,kill-hostile-beast,+,small,0.25,3,0,PathOpen,,a strong arm against beasts honors raw strength
Daedric:Malacath,313,rest-under-open-sky,+,small,0.25,3,0,PathOpen,,the exile endures hardship under open sky
Daedric:Malacath,362,steal-item,-,small,-0.25,3,0,PathOpen,,thieving is the coward's path the honest outcast scorns
Daedric:Malacath,364,assault-innocent,-,medium,-0.75,2,0.5,PathOpen,,striking the defenseless is the weakness he despises
Daedric:Malacath,368,accept-daedric-artifact,+,medium,1.0,1,1.0,PathOpen,ActorTypeDaedra,Volendrung taken up
Daedric:Mehrunes Dagon,300,kill-undead,+,small,0.5,3,0,PathOpen,ActorTypeUndead,what clings past its ending is dragged into the ruin it earned
Daedric:Mehrunes Dagon,344,increase-skill,+,small,0.25,3,0,PathOpen,,the Prince of ambition rewards the drive to seize ever greater power
Daedric:Mehrunes Dagon,331,enchant-item,-,small,-0.25,3,0,PathOpen,,binding power to endure in a thing offends the principle of unmaking
Daedric:Mehrunes Dagon,314,sleep-in-bed,-,small,-0.25,3,0,PathOpen,,settled comfort in the hearth is the order he means to burn down
Daedric:Meridia,304,murder-defenseless,-,medium,-0.75,2,0.5,PathOpen,,snuffing out innocent life is the deepest affront to the Lady of Light
Daedric:Meridia,303,kill-animal-noncombat,-,small,-0.25,3,0,PathOpen,,needless slaughter of the living dims the light she champions
Daedric:Nocturnal,331,enchant-item,+,small,0.5,3,0,PathOpen,,shadow and luck bound into a thing; the Nightingale's unseen craft
Daedric:Nocturnal,342,read-lore-book,+,small,0.25,3,0,PathOpen,,the unknowable courts her servants; secrets kept in the dark
Daedric:Nocturnal,2,kill-hostile-humanoid,-,small,-0.25,3,0,PathOpen,,loud bloodshed draws the eye; the shadow takes quietly; not by the blade
Daedric:Nocturnal,364,assault-innocent,-,small,-0.5,3,0,PathOpen,,open violence calls the guard and the gaze; the unseen take is her way
Daedric:Peryite,331,enchant-item,+,small,0.25,3,0,PathOpen,,patient repetitive craft kept in its lowly proper place pleases him
Daedric:Peryite,333,cook-meal,+,small,0.25,3,0,PathOpen,,the humble daily task done diligently honors the lowest ordered rung
Daedric:Sanguine,330,smith-item,-,small,-0.25,3,0,PathOpen,,sweating at the forge is the sober grind that has no place at his feast
Daedric:Sanguine,344,increase-skill,-,small,-0.25,3,0,PathOpen,,patient self-betterment is the restraint that spoils the indulgence
Daedric:Hircine,303,kill-animal-noncombat,+,medium,0.75,2,0.5,PathOpen,,the stalk and the kill of wild game is the Hunt itself
Daedric:Hircine,304,murder-defenseless,-,small,-0.5,3,0,PathOpen,,soft prey with no chase dishonors the worthy Hunt
Daedric:Molag Bal,365,raise-undead,+,medium,0.75,2,0.5,PathOpen,ActorTypeUndead,souls bound into servitude past death; the lord of vampires commands the dead
Daedric:Molag Bal,2,kill-hostile-humanoid,+,small,0.5,3,0,PathOpen,,the strong crush the two-legged; domination proven by force
Daedric:Molag Bal,360,pick-owned-lock,+,small,0.25,3,0,PathOpen,owned,no ward holds against the dominator; he forces what another would keep
Daedric:Molag Bal,361,trespass,+,small,0.25,3,0,PathOpen,,no threshold bars the master; he enters where he wills
Daedric:Molag Bal,314,sleep-in-bed,-,small,-0.25,3,0,PathOpen,,soft rest is the slave's consolation; he scorns the comfort of the bed
Daedric:Hermaeus Mora,331,enchant-item,+,small,0.5,3,0,PathOpen,,arcane secret bound into form -- hoarded knowledge made manifest
Daedric:Hermaeus Mora,332,brew-potion,+,small,0.25,3,0,PathOpen,,the hidden properties of things distilled -- applied secret-lore
Daedric:Hermaeus Mora,334,harvest-ingredient,+,small,0.25,3,0,PathOpen,,each gathered specimen is one more thing catalogued and known
Daedric:Namira,365,raise-undead,+,medium,1.0,1,0.5,PathOpen,ActorTypeUndead,undeath and decay are her domain; the dead made to walk again serve her
Daedric:Namira,362,steal-item,+,small,0.5,3,0,PathOpen,owned,the cast-out take the leavings of the respectable; their kept things are hers
Daedric:Namira,360,pick-owned-lock,+,small,0.25,3,0,PathOpen,owned,the shut-away places open to the outcast; no ward keeps the dark out
Daedric:Namira,333,cook-meal,-,small,-0.25,3,0,PathOpen,,the clean hearth-table is the comfort of the respectable; not her hunger
Daedric:Namira,314,sleep-in-bed,-,small,-0.25,3,0,PathOpen,,she belongs in the dark beneath; not the soft kept bed of the cared-for
Daedric:Sheogorath,331,enchant-item,+,small,0.5,3,0,PathOpen,,one thing made into another -- transformation is the Wabbajack's own joke
Daedric:Sheogorath,302,kill-dragon,+,small,0.5,3,0,PathOpen,,the magnificently absurd -- nothing predictable about slaying a dragon
Daedric:Sheogorath,350,heal-or-cure-npc,+,small,0.25,3,0,PathOpen,,mending on a whim -- the Wabbajack heals as gladly as it harms
Daedric:Sheogorath,344,increase-skill,-,small,-0.25,3,0,PathOpen,,the patient methodical grind is the dullest thing he can imagine
Daedric:Sheogorath,333,cook-meal,-,small,-0.25,3,0,PathOpen,,the orderly predictable supper bores him -- routine is the enemy
Daedric:Vaermina,304,murder-defenseless,+,small,0.5,3,0,PathOpen,,the final terror on the helpless -- the waking nightmare made absolute
Daedric:Vaermina,313,rest-under-open-sky,+,small,0.25,3,0,PathOpen,,the unsheltered sleeper still dreams; and she still harvests
Daedric:Vaermina,341,read-spell-tome,+,small,0.25,3,0,PathOpen,,arcane secrets drawn from the dreaming mind feed her hoard
Daedric:Vaermina,333,cook-meal,-,small,-0.25,3,0,PathOpen,,the warm hearth and shared table is the comfort she scorns
Daedric:Vaermina,332,brew-potion,-,small,-0.25,3,0,PathOpen,,restoratives undo the fear and affliction she sows
Daedric:Clavicus Vile,331,enchant-item,+,small,0.25,3,0,PathOpen,,a soul bargained into the work; power claimed by terms; not toil
Daedric:Clavicus Vile,330,smith-item,-,small,-0.25,3,0,PathOpen,,honest toil makes what a deal could have won; the long way round bores him
Daedric:Clavicus Vile,344,increase-skill,-,small,-0.25,3,0,PathOpen,,earning by sweat what a bargain delivers clean; why work for the outcome?
Daedric:Clavicus Vile,360,pick-owned-lock,-,small,-0.25,3,0,PathOpen,owned,the pried door skips the deal; take it by terms; not by breaking in
Daedric:Azura,345,discover-location,+,small,0.5,3,0,PathOpen,,the twilight-traveler crosses each threshold prophecy points toward
Daedric:Azura,314,sleep-in-bed,+,small,0.25,3,0,PathOpen,,she keeps the dusk-and-dawn watch over the sleeper's threshold
Daedric:Azura,364,assault-innocent,-,small,-0.5,3,0,PathOpen,,the gentlest Prince -- striking the harmless offends her mercy
Daedric:Azura,365,raise-undead,-,medium,-0.75,2,0.5,PathOpen,ActorTypeUndead,defiling the soul-cycle her Star was made to keep pure
Daedric:Boethiah,364,assault-innocent,+,small,0.5,2,0,PathOpen,,the treacherous first strike is the Prince of Plots own art
Daedric:Boethiah,362,steal-item,+,small,0.25,3,0,PathOpen,owned,theft is cunning made deed -- deceit pleases the Prince of Plots
Daedric:Boethiah,351,clear-bounty-serve-time,-,medium,-0.75,1,0.5,PathOpen,,bowing to another's law betrays the worthy tyrant who makes her own
Daedric:Mephala,364,assault-innocent,+,small,0.5,3,0,PathOpen,,discord struck into the unsuspecting feeds the web of intrigue
Daedric:Mephala,332,brew-potion,+,small,0.25,3,0,PathOpen,,the poison brewed is the unseen blade in a cup
Daedric:Mephala,2,kill-hostile-humanoid,-,small,-0.25,3,0,PathOpen,,the open charge is honest war; she keeps the unseen blade
Daedric:Mephala,350,heal-or-cure-npc,-,small,-0.25,3,0,PathOpen,,the open hand of trust unweaves the web of manipulation
Daedric:Mephala,313,rest-under-open-sky,-,small,-0.25,3,0,PathOpen,,the open sky is exposure; the Webspinner keeps to the unseen
Daedric:Malacath,302,kill-dragon,+,medium,1.0,2,0.5,PathOpen,,felling the mightiest foe is the supreme proof of raw strength
Daedric:Malacath,344,increase-skill,+,small,0.25,3,0,PathOpen,,the outcast hardens himself by his own toil; strength earned
Daedric:Malacath,304,murder-defenseless,-,medium,-0.75,2,0.5,PathOpen,,killing the helpless is the coward's act; the strong meet the strong
Daedric:Malacath,360,pick-owned-lock,-,small,-0.25,3,0,PathOpen,owned,the thief's furtive trick; the honest outcast scorns the sneak's way
Daedric:Hermaeus Mora,314,sleep-in-bed,-,small,-0.25,3,0,PathOpen,,oblivious sleep surrenders memory; the keeper of memory gains nothing from lost hours
Daedric:Hermaeus Mora,351,clear-bounty-serve-time,-,small,-0.25,3,0,PathOpen,,to buy the record clean offends the keeper who lets nothing be unwritten
